<?xml version="1.0" encoding="UTF-8" standalone="no"?>
<!-- Begin document body -->
<fimo version="5.5.7" release="Wed Jun 19 13:59:04 2024 -0700">
  xmlns:xsi="http://www.w3.org/2001/XMLSchema-instance"
  xsi:schemaLocation=  xmlns:fimo="http://noble.gs.washington.edu/schema/fimo"
>
<command-line>fimo --verbosity 1 --oc WRKY33/fimo_out_1 --bgfile WRKY33/background --motif 1-AKTCAAMGN WRKY33/streme_out/streme.xml WRKY33/WRKY33_differential_binding_sites.fa</command-line>
<settings>
<setting name="output directory">WRKY33/fimo_out_1</setting>
<setting name="MEME file name">WRKY33/streme_out/streme.xml</setting>
<setting name="sequence file name">WRKY33/WRKY33_differential_binding_sites.fa</setting>
<setting name="background file name">WRKY33/background</setting>
<setting name="allow clobber">true</setting>
<setting name="compute q-values">true</setting>
<setting name="parse genomic coord.">true</setting>
<setting name="text only">false</setting>
<setting name="scan both strands">true</setting>
<setting name="output threshold">0.0001</setting>
<setting name="threshold type">p-value</setting>
<setting name="max stored scores">100000</setting>
<setting name="pseudocount">0.1</setting>
<setting name="verbosity">1</setting>
<setting name="selected motif">1-AKTCAAMGN</setting>
</settings>
<sequence-data num-sequences="932" num-residues="94132" />
<alphabet name="DNA" like="dna">
<letter id="A" symbol="A" complement="T" name="Adenine" colour="CC0000"/>
<letter id="C" symbol="C" complement="G" name="Cytosine" colour="0000CC"/>
<letter id="G" symbol="G" complement="C" name="Guanine" colour="FFB300"/>
<letter id="T" symbol="T" aliases="U" complement="A" name="Thymine" colour="008000"/>
<letter id="N" symbol="N" aliases="X." equals="ACGT" name="Any base"/>
<letter id="V" symbol="V" equals="ACG" name="Not T"/>
<letter id="H" symbol="H" equals="ACT" name="Not G"/>
<letter id="D" symbol="D" equals="AGT" name="Not C"/>
<letter id="B" symbol="B" equals="CGT" name="Not A"/>
<letter id="M" symbol="M" equals="AC" name="Amino"/>
<letter id="R" symbol="R" equals="AG" name="Purine"/>
<letter id="W" symbol="W" equals="AT" name="Weak"/>
<letter id="S" symbol="S" equals="CG" name="Strong"/>
<letter id="Y" symbol="Y" equals="CT" name="Pyrimidine"/>
<letter id="K" symbol="K" equals="GT" name="Keto"/>
</alphabet>
<motif name="1-AKTCAAMGN" alt="STREME-1" width="9" best-possible-match="AGTCAACGA"/>
<motif name="2-ATTCAAACWTT" alt="STREME-2" width="11" best-possible-match="ATTCAAACTTT"/>
<motif name="3-ATTATCCTCA" alt="STREME-3" width="10" best-possible-match="ATTATCCTCA"/>
<motif name="4-AGAAGAG" alt="STREME-4" width="7" best-possible-match="AGAAGAG"/>
<motif name="5-ATTATTCGT" alt="STREME-5" width="9" best-possible-match="ATTATTCGT"/>
<motif name="6-WHACATGTDW" alt="STREME-6" width="10" best-possible-match="ATACATGTAT"/>
<motif name="7-GAAAAATTCAA" alt="STREME-7" width="11" best-possible-match="GAAAAATTCAA"/>
<background source="WRKY33/background">
<value letter="A">0.345</value>
<value letter="C">0.155</value>
<value letter="G">0.155</value>
<value letter="T">0.345</value>
</background>
<cisml-file>cisml.xml</cisml-file>
</fimo>
