motif_ID	motif_ALT_ID	motif_P-value	seq_ID	seq_Score	seq_Class	is_holdout?
1-RGTCAACD	STREME-1	1.3e-003	748	12.35	tp	0
1-RGTCAACD	STREME-1	1.3e-003	1079	12.35	tp	0
1-RGTCAACD	STREME-1	1.3e-003	662	12.35	tp	0
1-RGTCAACD	STREME-1	1.3e-003	109	12.35	tp	0
1-RGTCAACD	STREME-1	1.3e-003	1207	12.35	tp	0
1-RGTCAACD	STREME-1	1.3e-003	681	12.35	tp	0
1-RGTCAACD	STREME-1	1.3e-003	186	12.35	tp	0
1-RGTCAACD	STREME-1	1.3e-003	410	12.35	tp	0
1-RGTCAACD	STREME-1	1.3e-003	725	12.35	tp	0
1-RGTCAACD	STREME-1	1.3e-003	1250	12.35	tp	0
1-RGTCAACD	STREME-1	1.3e-003	895	12.35	tp	0
1-RGTCAACD	STREME-1	1.3e-003	484	12.35	tp	0
1-RGTCAACD	STREME-1	1.3e-003	70	12.35	tp	0
1-RGTCAACD	STREME-1	1.3e-003	753	12.35	tp	0
1-RGTCAACD	STREME-1	1.3e-003	91	12.35	fp	0
1-RGTCAACD	STREME-1	1.3e-003	1387	12.35	fp	0
1-RGTCAACD	STREME-1	1.3e-003	379	12.35	fp	0
1-RGTCAACD	STREME-1	1.3e-003	1234	12.35	fp	0
1-RGTCAACD	STREME-1	1.3e-003	226	11.82	tp	0
1-RGTCAACD	STREME-1	1.3e-003	1163	11.82	tp	0
1-RGTCAACD	STREME-1	1.3e-003	1473	11.82	tp	0
1-RGTCAACD	STREME-1	1.3e-003	92	11.82	tp	0
1-RGTCAACD	STREME-1	1.3e-003	1463	11.82	tp	0
1-RGTCAACD	STREME-1	1.3e-003	543	11.82	tp	0
1-RGTCAACD	STREME-1	1.3e-003	800	11.82	tp	0
1-RGTCAACD	STREME-1	1.3e-003	1392	11.82	tp	0
1-RGTCAACD	STREME-1	1.3e-003	1	11.82	tp	0
1-RGTCAACD	STREME-1	1.3e-003	1039	11.82	tp	0
1-RGTCAACD	STREME-1	1.3e-003	301	11.82	tp	0
1-RGTCAACD	STREME-1	1.3e-003	1170	11.82	tp	0
1-RGTCAACD	STREME-1	1.3e-003	336	11.82	tp	0
1-RGTCAACD	STREME-1	1.3e-003	163	11.82	tp	0
1-RGTCAACD	STREME-1	1.3e-003	318	11.82	tp	0
1-RGTCAACD	STREME-1	1.3e-003	173	11.82	tp	0
1-RGTCAACD	STREME-1	1.3e-003	1185	11.82	tp	0
1-RGTCAACD	STREME-1	1.3e-003	223	11.82	tp	0
1-RGTCAACD	STREME-1	1.3e-003	1443	11.82	tp	0
1-RGTCAACD	STREME-1	1.3e-003	91	11.82	tp	0
1-RGTCAACD	STREME-1	1.3e-003	428	11.82	tp	0
1-RGTCAACD	STREME-1	1.3e-003	375	11.82	tp	0
1-RGTCAACD	STREME-1	1.3e-003	618	11.82	tp	0
1-RGTCAACD	STREME-1	1.3e-003	266	11.82	tp	0
1-RGTCAACD	STREME-1	1.3e-003	248	11.82	tp	0
1-RGTCAACD	STREME-1	1.3e-003	867	11.82	tp	0
1-RGTCAACD	STREME-1	1.3e-003	297	11.82	tp	0
1-RGTCAACD	STREME-1	1.3e-003	435	11.82	fp	0
1-RGTCAACD	STREME-1	1.3e-003	1439	11.82	fp	0
1-RGTCAACD	STREME-1	1.3e-003	1191	11.82	fp	0
1-RGTCAACD	STREME-1	1.3e-003	1112	11.82	fp	0
1-RGTCAACD	STREME-1	1.3e-003	1290	11.82	fp	0
1-RGTCAACD	STREME-1	1.3e-003	1349	11.82	fp	0
1-RGTCAACD	STREME-1	1.3e-003	1279	11.82	fp	0
1-RGTCAACD	STREME-1	1.3e-003	373	11.82	fp	0
1-RGTCAACD	STREME-1	1.3e-003	920	11.82	tp	1
1-RGTCAACD	STREME-1	1.3e-003	859	11.82	tp	1
1-RGTCAACD	STREME-1	1.3e-003	1300	11.82	tp	1
1-RGTCAACD	STREME-1	1.3e-003	1414	11.40	tp	0
1-RGTCAACD	STREME-1	1.3e-003	792	11.40	tp	0
1-RGTCAACD	STREME-1	1.3e-003	307	11.40	tp	0
1-RGTCAACD	STREME-1	1.3e-003	582	11.40	tp	0
1-RGTCAACD	STREME-1	1.3e-003	796	11.40	tp	0
1-RGTCAACD	STREME-1	1.3e-003	473	11.40	tp	0
1-RGTCAACD	STREME-1	1.3e-003	1091	11.40	tp	0
1-RGTCAACD	STREME-1	1.3e-003	977	11.40	tp	0
1-RGTCAACD	STREME-1	1.3e-003	341	11.40	tp	0
1-RGTCAACD	STREME-1	1.3e-003	585	11.40	tp	0
1-RGTCAACD	STREME-1	1.3e-003	235	11.40	tp	0
1-RGTCAACD	STREME-1	1.3e-003	29	11.40	tp	0
1-RGTCAACD	STREME-1	1.3e-003	431	11.40	tp	0
1-RGTCAACD	STREME-1	1.3e-003	948	11.40	tp	0
1-RGTCAACD	STREME-1	1.3e-003	233	11.40	tp	0
1-RGTCAACD	STREME-1	1.3e-003	1366	11.40	tp	0
1-RGTCAACD	STREME-1	1.3e-003	477	11.40	tp	0
1-RGTCAACD	STREME-1	1.3e-003	1076	11.40	tp	0
1-RGTCAACD	STREME-1	1.3e-003	1354	11.40	tp	0
1-RGTCAACD	STREME-1	1.3e-003	383	11.40	tp	0
1-RGTCAACD	STREME-1	1.3e-003	955	11.40	fp	0
1-RGTCAACD	STREME-1	1.3e-003	667	11.40	fp	0
1-RGTCAACD	STREME-1	1.3e-003	455	11.40	fp	0
1-RGTCAACD	STREME-1	1.3e-003	257	11.40	fp	0
1-RGTCAACD	STREME-1	1.3e-003	649	11.40	fp	0
1-RGTCAACD	STREME-1	1.3e-003	164	11.40	fp	0
1-RGTCAACD	STREME-1	1.3e-003	1443	11.40	fp	0
1-RGTCAACD	STREME-1	1.3e-003	227	11.40	fp	0
1-RGTCAACD	STREME-1	1.3e-003	101	11.40	fp	0
1-RGTCAACD	STREME-1	1.3e-003	1493	11.40	fp	0
1-RGTCAACD	STREME-1	1.3e-003	1016	11.40	fp	0
1-RGTCAACD	STREME-1	1.3e-003	844	11.40	tp	1
1-RGTCAACD	STREME-1	1.3e-003	652	11.40	fp	1
1-RGTCAACD	STREME-1	1.3e-003	1299	11.19	tp	0
1-RGTCAACD	STREME-1	1.3e-003	684	11.19	tp	0
1-RGTCAACD	STREME-1	1.3e-003	1130	11.19	tp	0
1-RGTCAACD	STREME-1	1.3e-003	23	11.19	tp	0
1-RGTCAACD	STREME-1	1.3e-003	80	11.19	tp	0
1-RGTCAACD	STREME-1	1.3e-003	1321	11.19	fp	0
1-RGTCAACD	STREME-1	1.3e-003	380	11.19	fp	0
1-RGTCAACD	STREME-1	1.3e-003	249	11.19	fp	0
1-RGTCAACD	STREME-1	1.3e-003	737	11.19	fp	0
1-RGTCAACD	STREME-1	1.3e-003	1093	11.09	tp	0
1-RGTCAACD	STREME-1	1.3e-003	83	11.09	tp	0
1-RGTCAACD	STREME-1	1.3e-003	446	11.09	tp	0
1-RGTCAACD	STREME-1	1.3e-003	574	11.09	tp	0
1-RGTCAACD	STREME-1	1.3e-003	1043	11.09	tp	0
1-RGTCAACD	STREME-1	1.3e-003	938	11.09	tp	0
1-RGTCAACD	STREME-1	1.3e-003	396	11.09	tp	0
1-RGTCAACD	STREME-1	1.3e-003	595	11.09	tp	0
1-RGTCAACD	STREME-1	1.3e-003	1355	11.09	tp	0
1-RGTCAACD	STREME-1	1.3e-003	1275	11.09	tp	0
1-RGTCAACD	STREME-1	1.3e-003	438	11.09	tp	0
1-RGTCAACD	STREME-1	1.3e-003	746	11.09	tp	0
1-RGTCAACD	STREME-1	1.3e-003	379	11.09	tp	0
1-RGTCAACD	STREME-1	1.3e-003	64	11.09	tp	0
1-RGTCAACD	STREME-1	1.3e-003	133	11.09	tp	0
1-RGTCAACD	STREME-1	1.3e-003	131	11.09	tp	0
1-RGTCAACD	STREME-1	1.3e-003	16	11.09	tp	0
1-RGTCAACD	STREME-1	1.3e-003	775	11.09	tp	0
1-RGTCAACD	STREME-1	1.3e-003	669	11.09	tp	0
1-RGTCAACD	STREME-1	1.3e-003	1004	11.09	tp	0
1-RGTCAACD	STREME-1	1.3e-003	45	11.09	fp	0
1-RGTCAACD	STREME-1	1.3e-003	585	11.09	fp	0
1-RGTCAACD	STREME-1	1.3e-003	923	11.09	fp	0
1-RGTCAACD	STREME-1	1.3e-003	752	11.09	tp	1
1-RGTCAACD	STREME-1	1.3e-003	1247	11.09	tp	1
1-RGTCAACD	STREME-1	1.3e-003	1012	11.09	fp	1
1-RGTCAACD	STREME-1	1.3e-003	121	11.09	fp	1
1-RGTCAACD	STREME-1	1.3e-003	483	10.88	tp	0
1-RGTCAACD	STREME-1	1.3e-003	151	10.88	tp	0
1-RGTCAACD	STREME-1	1.3e-003	1214	10.88	tp	0
1-RGTCAACD	STREME-1	1.3e-003	257	10.88	tp	0
1-RGTCAACD	STREME-1	1.3e-003	830	10.88	tp	0
1-RGTCAACD	STREME-1	1.3e-003	74	10.88	tp	0
1-RGTCAACD	STREME-1	1.3e-003	182	10.88	tp	0
1-RGTCAACD	STREME-1	1.3e-003	1241	10.88	tp	0
1-RGTCAACD	STREME-1	1.3e-003	978	10.88	tp	0
1-RGTCAACD	STREME-1	1.3e-003	1135	10.88	tp	0
1-RGTCAACD	STREME-1	1.3e-003	339	10.88	tp	0
1-RGTCAACD	STREME-1	1.3e-003	447	10.88	tp	0
1-RGTCAACD	STREME-1	1.3e-003	170	10.88	tp	0
1-RGTCAACD	STREME-1	1.3e-003	881	10.88	tp	0
1-RGTCAACD	STREME-1	1.3e-003	654	10.88	tp	0
1-RGTCAACD	STREME-1	1.3e-003	192	10.88	tp	0
1-RGTCAACD	STREME-1	1.3e-003	463	10.88	tp	0
1-RGTCAACD	STREME-1	1.3e-003	1429	10.88	tp	0
1-RGTCAACD	STREME-1	1.3e-003	1312	10.88	tp	0
1-RGTCAACD	STREME-1	1.3e-003	651	10.88	tp	0
1-RGTCAACD	STREME-1	1.3e-003	178	10.88	tp	0
1-RGTCAACD	STREME-1	1.3e-003	1255	10.88	tp	0
1-RGTCAACD	STREME-1	1.3e-003	1028	10.88	tp	0
1-RGTCAACD	STREME-1	1.3e-003	1423	10.88	tp	0
1-RGTCAACD	STREME-1	1.3e-003	1339	10.88	tp	0
1-RGTCAACD	STREME-1	1.3e-003	1174	10.88	tp	0
1-RGTCAACD	STREME-1	1.3e-003	1072	10.88	tp	0
1-RGTCAACD	STREME-1	1.3e-003	15	10.88	tp	0
1-RGTCAACD	STREME-1	1.3e-003	423	10.88	tp	0
1-RGTCAACD	STREME-1	1.3e-003	874	10.88	tp	0
1-RGTCAACD	STREME-1	1.3e-003	742	10.88	tp	0
1-RGTCAACD	STREME-1	1.3e-003	420	10.88	tp	0
1-RGTCAACD	STREME-1	1.3e-003	1108	10.88	tp	0
1-RGTCAACD	STREME-1	1.3e-003	1196	10.88	tp	0
1-RGTCAACD	STREME-1	1.3e-003	161	10.88	tp	0
1-RGTCAACD	STREME-1	1.3e-003	1454	10.88	tp	0
1-RGTCAACD	STREME-1	1.3e-003	193	10.88	tp	0
1-RGTCAACD	STREME-1	1.3e-003	916	10.88	tp	0
1-RGTCAACD	STREME-1	1.3e-003	221	10.88	tp	0
1-RGTCAACD	STREME-1	1.3e-003	350	10.88	tp	0
1-RGTCAACD	STREME-1	1.3e-003	803	10.88	tp	0
1-RGTCAACD	STREME-1	1.3e-003	1208	10.88	tp	0
1-RGTCAACD	STREME-1	1.3e-003	709	10.88	tp	0
1-RGTCAACD	STREME-1	1.3e-003	537	10.88	tp	0
1-RGTCAACD	STREME-1	1.3e-003	1149	10.88	tp	0
1-RGTCAACD	STREME-1	1.3e-003	1356	10.88	tp	0
1-RGTCAACD	STREME-1	1.3e-003	509	10.88	tp	0
1-RGTCAACD	STREME-1	1.3e-003	671	10.88	tp	0
1-RGTCAACD	STREME-1	1.3e-003	976	10.88	tp	0
1-RGTCAACD	STREME-1	1.3e-003	211	10.88	tp	0
1-RGTCAACD	STREME-1	1.3e-003	946	10.88	tp	0
1-RGTCAACD	STREME-1	1.3e-003	462	10.88	tp	0
1-RGTCAACD	STREME-1	1.3e-003	949	10.88	tp	0
1-RGTCAACD	STREME-1	1.3e-003	1329	10.88	fp	0
1-RGTCAACD	STREME-1	1.3e-003	697	10.88	fp	0
1-RGTCAACD	STREME-1	1.3e-003	1453	10.88	fp	0
1-RGTCAACD	STREME-1	1.3e-003	556	10.88	fp	0
1-RGTCAACD	STREME-1	1.3e-003	919	10.88	fp	0
1-RGTCAACD	STREME-1	1.3e-003	15	10.88	fp	0
1-RGTCAACD	STREME-1	1.3e-003	453	10.88	fp	0
1-RGTCAACD	STREME-1	1.3e-003	426	10.88	fp	0
1-RGTCAACD	STREME-1	1.3e-003	327	10.88	fp	0
1-RGTCAACD	STREME-1	1.3e-003	487	10.88	fp	0
1-RGTCAACD	STREME-1	1.3e-003	155	10.88	tp	1
1-RGTCAACD	STREME-1	1.3e-003	1221	10.88	tp	1
1-RGTCAACD	STREME-1	1.3e-003	237	10.88	tp	1
1-RGTCAACD	STREME-1	1.3e-003	1223	10.88	tp	1
1-RGTCAACD	STREME-1	1.3e-003	719	10.88	tp	1
1-RGTCAACD	STREME-1	1.3e-003	1340	10.88	fp	1
1-RGTCAACD	STREME-1	1.3e-003	13	10.66	tp	0
1-RGTCAACD	STREME-1	1.3e-003	1427	10.66	tp	0
1-RGTCAACD	STREME-1	1.3e-003	1439	10.66	tp	0
1-RGTCAACD	STREME-1	1.3e-003	616	10.66	tp	0
1-RGTCAACD	STREME-1	1.3e-003	813	10.66	tp	0
1-RGTCAACD	STREME-1	1.3e-003	1285	10.66	tp	0
1-RGTCAACD	STREME-1	1.3e-003	1195	10.66	tp	0
1-RGTCAACD	STREME-1	1.3e-003	1210	10.66	tp	0
1-RGTCAACD	STREME-1	1.3e-003	259	10.66	tp	0
1-RGTCAACD	STREME-1	1.3e-003	303	10.66	tp	0
1-RGTCAACD	STREME-1	1.3e-003	557	10.66	tp	0
1-RGTCAACD	STREME-1	1.3e-003	494	10.66	tp	0
1-RGTCAACD	STREME-1	1.3e-003	232	10.66	tp	0
1-RGTCAACD	STREME-1	1.3e-003	501	10.66	fp	0
1-RGTCAACD	STREME-1	1.3e-003	168	10.66	fp	0
1-RGTCAACD	STREME-1	1.3e-003	343	10.66	fp	0
1-RGTCAACD	STREME-1	1.3e-003	940	10.66	fp	0
1-RGTCAACD	STREME-1	1.3e-003	782	10.66	fp	0
1-RGTCAACD	STREME-1	1.3e-003	423	10.66	fp	0
1-RGTCAACD	STREME-1	1.3e-003	65	10.66	fp	0
1-RGTCAACD	STREME-1	1.3e-003	891	10.66	fp	0
1-RGTCAACD	STREME-1	1.3e-003	1275	10.66	fp	0
1-RGTCAACD	STREME-1	1.3e-003	1277	10.66	fp	0
1-RGTCAACD	STREME-1	1.3e-003	756	10.66	tp	1
1-RGTCAACD	STREME-1	1.3e-003	1337	10.56	tp	0
1-RGTCAACD	STREME-1	1.3e-003	1048	10.56	tp	0
1-RGTCAACD	STREME-1	1.3e-003	49	10.56	tp	0
1-RGTCAACD	STREME-1	1.3e-003	212	10.56	tp	0
1-RGTCAACD	STREME-1	1.3e-003	152	10.56	tp	0
1-RGTCAACD	STREME-1	1.3e-003	1305	10.56	tp	0
1-RGTCAACD	STREME-1	1.3e-003	1153	10.56	tp	0
1-RGTCAACD	STREME-1	1.3e-003	97	10.56	tp	0
1-RGTCAACD	STREME-1	1.3e-003	1242	10.56	tp	0
1-RGTCAACD	STREME-1	1.3e-003	121	10.56	tp	0
1-RGTCAACD	STREME-1	1.3e-003	472	10.56	tp	0
1-RGTCAACD	STREME-1	1.3e-003	470	10.56	tp	0
1-RGTCAACD	STREME-1	1.3e-003	501	10.56	tp	0
1-RGTCAACD	STREME-1	1.3e-003	256	10.56	tp	0
1-RGTCAACD	STREME-1	1.3e-003	1359	10.56	tp	0
1-RGTCAACD	STREME-1	1.3e-003	1295	10.56	tp	0
1-RGTCAACD	STREME-1	1.3e-003	945	10.56	tp	0
1-RGTCAACD	STREME-1	1.3e-003	271	10.56	tp	0
1-RGTCAACD	STREME-1	1.3e-003	857	10.56	tp	0
1-RGTCAACD	STREME-1	1.3e-003	889	10.56	tp	0
1-RGTCAACD	STREME-1	1.3e-003	1015	10.56	tp	0
1-RGTCAACD	STREME-1	1.3e-003	952	10.56	tp	0
1-RGTCAACD	STREME-1	1.3e-003	915	10.56	tp	0
1-RGTCAACD	STREME-1	1.3e-003	820	10.56	tp	0
1-RGTCAACD	STREME-1	1.3e-003	14	10.56	tp	0
1-RGTCAACD	STREME-1	1.3e-003	1346	10.56	tp	0
1-RGTCAACD	STREME-1	1.3e-003	1126	10.56	tp	0
1-RGTCAACD	STREME-1	1.3e-003	330	10.56	tp	0
1-RGTCAACD	STREME-1	1.3e-003	354	10.56	tp	0
1-RGTCAACD	STREME-1	1.3e-003	1288	10.56	tp	0
1-RGTCAACD	STREME-1	1.3e-003	1070	10.56	tp	0
1-RGTCAACD	STREME-1	1.3e-003	247	10.56	tp	0
1-RGTCAACD	STREME-1	1.3e-003	808	10.56	tp	0
1-RGTCAACD	STREME-1	1.3e-003	367	10.56	tp	0
1-RGTCAACD	STREME-1	1.3e-003	1098	10.56	tp	0
1-RGTCAACD	STREME-1	1.3e-003	880	10.56	fp	0
1-RGTCAACD	STREME-1	1.3e-003	1096	10.56	fp	0
1-RGTCAACD	STREME-1	1.3e-003	318	10.56	fp	0
1-RGTCAACD	STREME-1	1.3e-003	616	10.56	fp	0
1-RGTCAACD	STREME-1	1.3e-003	1373	10.56	fp	0
1-RGTCAACD	STREME-1	1.3e-003	51	10.56	fp	0
1-RGTCAACD	STREME-1	1.3e-003	757	10.56	fp	0
1-RGTCAACD	STREME-1	1.3e-003	1193	10.56	fp	0
1-RGTCAACD	STREME-1	1.3e-003	153	10.56	fp	0
1-RGTCAACD	STREME-1	1.3e-003	392	10.56	fp	0
1-RGTCAACD	STREME-1	1.3e-003	764	10.56	fp	0
1-RGTCAACD	STREME-1	1.3e-003	333	10.56	fp	0
1-RGTCAACD	STREME-1	1.3e-003	613	10.56	fp	0
1-RGTCAACD	STREME-1	1.3e-003	187	10.56	tp	1
1-RGTCAACD	STREME-1	1.3e-003	428	10.56	fp	1
1-RGTCAACD	STREME-1	1.3e-003	1163	10.33	fp	1
1-RGTCAACD	STREME-1	1.3e-003	613	10.22	tp	0
1-RGTCAACD	STREME-1	1.3e-003	919	10.22	tp	0
1-RGTCAACD	STREME-1	1.3e-003	105	10.22	tp	0
1-RGTCAACD	STREME-1	1.3e-003	685	10.22	tp	0
1-RGTCAACD	STREME-1	1.3e-003	1032	10.22	fp	0
1-RGTCAACD	STREME-1	1.3e-003	839	9.92	tp	0
1-RGTCAACD	STREME-1	1.3e-003	917	9.92	tp	0
1-RGTCAACD	STREME-1	1.3e-003	96	9.92	tp	0
1-RGTCAACD	STREME-1	1.3e-003	1189	9.92	tp	0
1-RGTCAACD	STREME-1	1.3e-003	1226	9.92	tp	0
1-RGTCAACD	STREME-1	1.3e-003	1467	9.92	fp	0
1-RGTCAACD	STREME-1	1.3e-003	467	9.92	fp	0
1-RGTCAACD	STREME-1	1.3e-003	1184	9.92	fp	0
1-RGTCAACD	STREME-1	1.3e-003	696	9.92	fp	0
1-RGTCAACD	STREME-1	1.3e-003	413	9.92	tp	1
1-RGTCAACD	STREME-1	1.3e-003	1434	9.82	tp	0
1-RGTCAACD	STREME-1	1.3e-003	322	9.82	tp	1
1-RGTCAACD	STREME-1	1.3e-003	620	9.80	tp	0
1-RGTCAACD	STREME-1	1.3e-003	1269	9.80	fp	0
1-RGTCAACD	STREME-1	1.3e-003	890	9.70	tp	0
1-RGTCAACD	STREME-1	1.3e-003	1234	9.70	tp	0
1-RGTCAACD	STREME-1	1.3e-003	232	9.70	fp	0
1-RGTCAACD	STREME-1	1.3e-003	1004	9.70	fp	0
1-RGTCAACD	STREME-1	1.3e-003	677	9.70	fp	0
1-RGTCAACD	STREME-1	1.3e-003	793	9.39	tp	0
1-RGTCAACD	STREME-1	1.3e-003	323	9.39	tp	0
1-RGTCAACD	STREME-1	1.3e-003	1178	9.39	tp	0
1-RGTCAACD	STREME-1	1.3e-003	923	9.39	tp	0
1-RGTCAACD	STREME-1	1.3e-003	1065	9.39	tp	0
1-RGTCAACD	STREME-1	1.3e-003	59	9.39	tp	0
1-RGTCAACD	STREME-1	1.3e-003	609	9.39	tp	0
1-RGTCAACD	STREME-1	1.3e-003	437	9.39	tp	0
1-RGTCAACD	STREME-1	1.3e-003	292	9.39	tp	0
1-RGTCAACD	STREME-1	1.3e-003	396	9.39	fp	0
1-RGTCAACD	STREME-1	1.3e-003	844	9.39	fp	0
1-RGTCAACD	STREME-1	1.3e-003	349	9.39	fp	0
1-RGTCAACD	STREME-1	1.3e-003	789	9.39	fp	0
1-RGTCAACD	STREME-1	1.3e-003	180	9.39	fp	0
1-RGTCAACD	STREME-1	1.3e-003	419	9.39	fp	0
1-RGTCAACD	STREME-1	1.3e-003	419	9.39	tp	1
1-RGTCAACD	STREME-1	1.3e-003	1258	9.31	tp	0
1-RGTCAACD	STREME-1	1.3e-003	1359	9.31	fp	0
1-RGTCAACD	STREME-1	1.3e-003	433	9.29	tp	0
1-RGTCAACD	STREME-1	1.3e-003	1422	9.29	tp	0
1-RGTCAACD	STREME-1	1.3e-003	1419	9.29	tp	0
1-RGTCAACD	STREME-1	1.3e-003	1031	9.29	tp	0
1-RGTCAACD	STREME-1	1.3e-003	1325	9.29	tp	0
1-RGTCAACD	STREME-1	1.3e-003	458	9.29	tp	0
1-RGTCAACD	STREME-1	1.3e-003	623	9.29	tp	0
1-RGTCAACD	STREME-1	1.3e-003	491	9.29	tp	0
1-RGTCAACD	STREME-1	1.3e-003	1024	9.29	tp	0
1-RGTCAACD	STREME-1	1.3e-003	931	9.29	tp	0
1-RGTCAACD	STREME-1	1.3e-003	1169	9.29	fp	0
1-RGTCAACD	STREME-1	1.3e-003	759	9.29	fp	0
1-RGTCAACD	STREME-1	1.3e-003	24	9.28	tp	0
1-RGTCAACD	STREME-1	1.3e-003	722	9.28	tp	0
1-RGTCAACD	STREME-1	1.3e-003	69	9.28	tp	0
1-RGTCAACD	STREME-1	1.3e-003	1082	9.10	tp	0
1-RGTCAACD	STREME-1	1.3e-003	304	9.10	tp	0
1-RGTCAACD	STREME-1	1.3e-003	1377	9.10	tp	0
1-RGTCAACD	STREME-1	1.3e-003	1090	9.10	tp	0
1-RGTCAACD	STREME-1	1.3e-003	241	9.10	tp	0
1-RGTCAACD	STREME-1	1.3e-003	1314	9.10	tp	0
1-RGTCAACD	STREME-1	1.3e-003	554	9.10	tp	0
1-RGTCAACD	STREME-1	1.3e-003	387	9.10	fp	0
1-RGTCAACD	STREME-1	1.3e-003	114	9.10	fp	0
1-RGTCAACD	STREME-1	1.3e-003	573	9.10	tp	1
1-RGTCAACD	STREME-1	1.3e-003	527	9.07	tp	0
1-RGTCAACD	STREME-1	1.3e-003	631	9.07	tp	0
1-RGTCAACD	STREME-1	1.3e-003	411	9.07	tp	0
1-RGTCAACD	STREME-1	1.3e-003	1137	9.07	tp	0
1-RGTCAACD	STREME-1	1.3e-003	912	9.07	tp	0
1-RGTCAACD	STREME-1	1.3e-003	756	9.02	fp	0
1-RGTCAACD	STREME-1	1.3e-003	963	9.02	fp	0
1-RGTCAACD	STREME-1	1.3e-003	175	8.98	tp	0
1-RGTCAACD	STREME-1	1.3e-003	1469	8.98	tp	0
1-RGTCAACD	STREME-1	1.3e-003	626	8.98	fp	0
1-RGTCAACD	STREME-1	1.3e-003	510	8.98	fp	0
1-RGTCAACD	STREME-1	1.3e-003	587	8.97	tp	0
1-RGTCAACD	STREME-1	1.3e-003	1107	8.97	tp	0
1-RGTCAACD	STREME-1	1.3e-003	514	8.97	fp	0
1-RGTCAACD	STREME-1	1.3e-003	1031	8.97	fp	0
1-RGTCAACD	STREME-1	1.3e-003	123	8.97	fp	0
1-RGTCAACD	STREME-1	1.3e-003	760	8.97	fp	0
1-RGTCAACD	STREME-1	1.3e-003	240	8.97	fp	0
1-RGTCAACD	STREME-1	1.3e-003	598	8.97	tp	1
1-RGTCAACD	STREME-1	1.3e-003	278	8.97	fp	1
1-RGTCAACD	STREME-1	1.3e-003	144	8.96	tp	0
1-RGTCAACD	STREME-1	1.3e-003	760	8.96	tp	0
1-RGTCAACD	STREME-1	1.3e-003	56	8.96	tp	0
1-RGTCAACD	STREME-1	1.3e-003	329	8.96	tp	0
1-RGTCAACD	STREME-1	1.3e-003	194	8.96	tp	0
1-RGTCAACD	STREME-1	1.3e-003	1146	8.96	tp	0
1-RGTCAACD	STREME-1	1.3e-003	299	8.96	tp	0
1-RGTCAACD	STREME-1	1.3e-003	578	8.96	tp	0
1-RGTCAACD	STREME-1	1.3e-003	954	8.96	tp	0
1-RGTCAACD	STREME-1	1.3e-003	529	8.96	tp	0
1-RGTCAACD	STREME-1	1.3e-003	421	8.96	tp	0
1-RGTCAACD	STREME-1	1.3e-003	997	8.96	tp	0
1-RGTCAACD	STREME-1	1.3e-003	1378	8.96	tp	0
1-RGTCAACD	STREME-1	1.3e-003	880	8.96	tp	0
1-RGTCAACD	STREME-1	1.3e-003	1470	8.96	tp	0
1-RGTCAACD	STREME-1	1.3e-003	956	8.96	tp	0
1-RGTCAACD	STREME-1	1.3e-003	893	8.96	tp	0
1-RGTCAACD	STREME-1	1.3e-003	928	8.96	tp	0
1-RGTCAACD	STREME-1	1.3e-003	940	8.96	tp	0
1-RGTCAACD	STREME-1	1.3e-003	614	8.96	fp	0
1-RGTCAACD	STREME-1	1.3e-003	860	8.96	fp	0
1-RGTCAACD	STREME-1	1.3e-003	31	8.96	fp	0
1-RGTCAACD	STREME-1	1.3e-003	1378	8.96	fp	0
1-RGTCAACD	STREME-1	1.3e-003	1348	8.96	fp	0
1-RGTCAACD	STREME-1	1.3e-003	1015	8.96	fp	0
1-RGTCAACD	STREME-1	1.3e-003	1198	8.96	fp	0
1-RGTCAACD	STREME-1	1.3e-003	1260	8.96	fp	0
1-RGTCAACD	STREME-1	1.3e-003	1178	8.96	fp	0
1-RGTCAACD	STREME-1	1.3e-003	2	8.96	tp	1
1-RGTCAACD	STREME-1	1.3e-003	738	8.96	tp	1
1-RGTCAACD	STREME-1	1.3e-003	1386	8.96	tp	1
1-RGTCAACD	STREME-1	1.3e-003	802	8.96	fp	1
1-RGTCAACD	STREME-1	1.3e-003	1110	8.96	fp	1
1-RGTCAACD	STREME-1	1.3e-003	736	8.96	fp	1
1-RGTCAACD	STREME-1	1.3e-003	901	8.87	tp	0
1-RGTCAACD	STREME-1	1.3e-003	751	8.87	tp	0
1-RGTCAACD	STREME-1	1.3e-003	664	8.87	tp	0
1-RGTCAACD	STREME-1	1.3e-003	1035	8.87	fp	0
1-RGTCAACD	STREME-1	1.3e-003	1356	8.87	fp	0
1-RGTCAACD	STREME-1	1.3e-003	1133	8.87	fp	0
1-RGTCAACD	STREME-1	1.3e-003	729	8.86	tp	0
1-RGTCAACD	STREME-1	1.3e-003	265	8.84	tp	0
1-RGTCAACD	STREME-1	1.3e-003	1484	8.84	tp	0
1-RGTCAACD	STREME-1	1.3e-003	401	8.78	tp	0
1-RGTCAACD	STREME-1	1.3e-003	159	8.78	tp	0
1-RGTCAACD	STREME-1	1.3e-003	710	8.78	tp	0
1-RGTCAACD	STREME-1	1.3e-003	482	8.78	tp	0
1-RGTCAACD	STREME-1	1.3e-003	349	8.78	tp	0
1-RGTCAACD	STREME-1	1.3e-003	630	8.78	tp	0
1-RGTCAACD	STREME-1	1.3e-003	581	8.78	tp	0
1-RGTCAACD	STREME-1	1.3e-003	1493	8.78	tp	1
1-RGTCAACD	STREME-1	1.3e-003	882	8.75	tp	0
1-RGTCAACD	STREME-1	1.3e-003	932	8.75	tp	0
1-RGTCAACD	STREME-1	1.3e-003	166	8.75	tp	0
1-RGTCAACD	STREME-1	1.3e-003	1064	8.75	tp	0
1-RGTCAACD	STREME-1	1.3e-003	933	8.75	tp	0
1-RGTCAACD	STREME-1	1.3e-003	612	8.75	tp	0
1-RGTCAACD	STREME-1	1.3e-003	1340	8.75	tp	0
1-RGTCAACD	STREME-1	1.3e-003	1180	8.75	tp	0
1-RGTCAACD	STREME-1	1.3e-003	627	8.75	tp	0
1-RGTCAACD	STREME-1	1.3e-003	716	8.75	tp	0
1-RGTCAACD	STREME-1	1.3e-003	1303	8.75	tp	0
1-RGTCAACD	STREME-1	1.3e-003	1417	8.75	fp	0
1-RGTCAACD	STREME-1	1.3e-003	1164	8.75	fp	0
1-RGTCAACD	STREME-1	1.3e-003	1012	8.75	tp	1
1-RGTCAACD	STREME-1	1.3e-003	20	8.66	tp	0
1-RGTCAACD	STREME-1	1.3e-003	183	8.66	tp	0
1-RGTCAACD	STREME-1	1.3e-003	688	8.66	fp	1
1-RGTCAACD	STREME-1	1.3e-003	275	8.57	tp	0
1-RGTCAACD	STREME-1	1.3e-003	588	8.57	tp	0
1-RGTCAACD	STREME-1	1.3e-003	530	8.57	tp	0
1-RGTCAACD	STREME-1	1.3e-003	621	8.57	tp	0
1-RGTCAACD	STREME-1	1.3e-003	1317	8.57	tp	0
1-RGTCAACD	STREME-1	1.3e-003	1206	8.57	tp	0
1-RGTCAACD	STREME-1	1.3e-003	1152	8.57	tp	0
1-RGTCAACD	STREME-1	1.3e-003	727	8.57	tp	0
1-RGTCAACD	STREME-1	1.3e-003	648	8.57	tp	0
1-RGTCAACD	STREME-1	1.3e-003	142	8.57	tp	0
1-RGTCAACD	STREME-1	1.3e-003	35	8.57	tp	0
1-RGTCAACD	STREME-1	1.3e-003	1257	8.57	fp	0
1-RGTCAACD	STREME-1	1.3e-003	1298	8.57	fp	0
1-RGTCAACD	STREME-1	1.3e-003	898	8.57	fp	0
1-RGTCAACD	STREME-1	1.3e-003	266	8.57	fp	0
1-RGTCAACD	STREME-1	1.3e-003	738	8.57	fp	0
1-RGTCAACD	STREME-1	1.3e-003	1414	8.57	fp	0
1-RGTCAACD	STREME-1	1.3e-003	502	8.57	fp	0
1-RGTCAACD	STREME-1	1.3e-003	1086	8.57	fp	1
1-RGTCAACD	STREME-1	1.3e-003	514	8.56	tp	0
1-RGTCAACD	STREME-1	1.3e-003	1200	8.56	tp	0
1-RGTCAACD	STREME-1	1.3e-003	642	8.56	fp	0
1-RGTCAACD	STREME-1	1.3e-003	261	8.56	fp	0
1-RGTCAACD	STREME-1	1.3e-003	700	8.56	fp	0
1-RGTCAACD	STREME-1	1.3e-003	1168	8.55	tp	0
1-RGTCAACD	STREME-1	1.3e-003	441	8.55	tp	0
1-RGTCAACD	STREME-1	1.3e-003	1491	8.55	tp	0
1-RGTCAACD	STREME-1	1.3e-003	853	8.55	tp	0
1-RGTCAACD	STREME-1	1.3e-003	1293	8.55	tp	0
1-RGTCAACD	STREME-1	1.3e-003	1406	8.55	tp	0
1-RGTCAACD	STREME-1	1.3e-003	399	8.55	tp	0
1-RGTCAACD	STREME-1	1.3e-003	776	8.55	tp	0
1-RGTCAACD	STREME-1	1.3e-003	459	8.55	tp	0
1-RGTCAACD	STREME-1	1.3e-003	643	8.55	tp	0
1-RGTCAACD	STREME-1	1.3e-003	592	8.55	tp	0
1-RGTCAACD	STREME-1	1.3e-003	358	8.55	tp	0
1-RGTCAACD	STREME-1	1.3e-003	806	8.55	tp	0
1-RGTCAACD	STREME-1	1.3e-003	1066	8.55	tp	0
1-RGTCAACD	STREME-1	1.3e-003	536	8.55	tp	0
1-RGTCAACD	STREME-1	1.3e-003	395	8.55	tp	0
1-RGTCAACD	STREME-1	1.3e-003	68	8.55	tp	0
1-RGTCAACD	STREME-1	1.3e-003	755	8.55	tp	0
1-RGTCAACD	STREME-1	1.3e-003	743	8.55	tp	0
1-RGTCAACD	STREME-1	1.3e-003	1282	8.55	tp	0
1-RGTCAACD	STREME-1	1.3e-003	1465	8.55	tp	0
1-RGTCAACD	STREME-1	1.3e-003	733	8.55	tp	0
1-RGTCAACD	STREME-1	1.3e-003	160	8.55	fp	0
1-RGTCAACD	STREME-1	1.3e-003	1232	8.55	fp	0
1-RGTCAACD	STREME-1	1.3e-003	1294	8.55	fp	0
1-RGTCAACD	STREME-1	1.3e-003	341	8.55	fp	0
1-RGTCAACD	STREME-1	1.3e-003	390	8.55	fp	0
1-RGTCAACD	STREME-1	1.3e-003	609	8.55	fp	0
1-RGTCAACD	STREME-1	1.3e-003	1476	8.55	fp	0
1-RGTCAACD	STREME-1	1.3e-003	275	8.55	fp	0
1-RGTCAACD	STREME-1	1.3e-003	219	8.55	fp	0
1-RGTCAACD	STREME-1	1.3e-003	1332	8.55	tp	1
1-RGTCAACD	STREME-1	1.3e-003	974	8.55	tp	1
1-RGTCAACD	STREME-1	1.3e-003	1375	8.55	tp	1
1-RGTCAACD	STREME-1	1.3e-003	1122	8.55	tp	1
1-RGTCAACD	STREME-1	1.3e-003	184	8.55	tp	1
1-RGTCAACD	STREME-1	1.3e-003	559	8.55	fp	1
1-RGTCAACD	STREME-1	1.3e-003	260	8.55	fp	1
1-RGTCAACD	STREME-1	1.3e-003	1259	8.54	tp	0
1-RGTCAACD	STREME-1	1.3e-003	552	8.54	fp	0
1-RGTCAACD	STREME-1	1.3e-003	304	8.54	fp	0
1-RGTCAACD	STREME-1	1.3e-003	296	8.45	tp	0
1-RGTCAACD	STREME-1	1.3e-003	1400	8.45	tp	0
1-RGTCAACD	STREME-1	1.3e-003	1474	8.45	tp	0
1-RGTCAACD	STREME-1	1.3e-003	435	8.45	tp	0
1-RGTCAACD	STREME-1	1.3e-003	1140	8.45	tp	0
1-RGTCAACD	STREME-1	1.3e-003	1243	8.45	fp	0
1-RGTCAACD	STREME-1	1.3e-003	1423	8.45	fp	0
1-RGTCAACD	STREME-1	1.3e-003	547	8.45	fp	1
1-RGTCAACD	STREME-1	1.3e-003	136	8.45	tp	0
1-RGTCAACD	STREME-1	1.3e-003	720	8.45	tp	0
1-RGTCAACD	STREME-1	1.3e-003	1117	8.45	tp	0
1-RGTCAACD	STREME-1	1.3e-003	999	8.45	tp	0
1-RGTCAACD	STREME-1	1.3e-003	1309	8.45	tp	0
1-RGTCAACD	STREME-1	1.3e-003	113	8.45	tp	0
1-RGTCAACD	STREME-1	1.3e-003	507	8.45	tp	0
1-RGTCAACD	STREME-1	1.3e-003	1482	8.45	tp	0
1-RGTCAACD	STREME-1	1.3e-003	490	8.45	tp	0
1-RGTCAACD	STREME-1	1.3e-003	1150	8.45	tp	0
1-RGTCAACD	STREME-1	1.3e-003	1468	8.45	tp	0
1-RGTCAACD	STREME-1	1.3e-003	198	8.45	tp	0
1-RGTCAACD	STREME-1	1.3e-003	1353	8.45	tp	0
1-RGTCAACD	STREME-1	1.3e-003	604	8.45	tp	0
1-RGTCAACD	STREME-1	1.3e-003	980	8.45	tp	0
1-RGTCAACD	STREME-1	1.3e-003	547	8.45	tp	0
1-RGTCAACD	STREME-1	1.3e-003	51	8.45	tp	0
1-RGTCAACD	STREME-1	1.3e-003	967	8.45	fp	0
1-RGTCAACD	STREME-1	1.3e-003	12	8.45	fp	0
1-RGTCAACD	STREME-1	1.3e-003	4	8.45	fp	0
1-RGTCAACD	STREME-1	1.3e-003	1159	8.45	fp	0
1-RGTCAACD	STREME-1	1.3e-003	787	8.45	fp	0
1-RGTCAACD	STREME-1	1.3e-003	53	8.45	tp	1
1-RGTCAACD	STREME-1	1.3e-003	1014	8.45	tp	1
1-RGTCAACD	STREME-1	1.3e-003	973	8.45	tp	1
1-RGTCAACD	STREME-1	1.3e-003	1331	8.45	fp	1
1-RGTCAACD	STREME-1	1.3e-003	734	8.45	tp	0
1-RGTCAACD	STREME-1	1.3e-003	564	8.45	tp	0
1-RGTCAACD	STREME-1	1.3e-003	930	8.45	tp	0
1-RGTCAACD	STREME-1	1.3e-003	122	8.45	tp	0
1-RGTCAACD	STREME-1	1.3e-003	1159	8.45	tp	0
1-RGTCAACD	STREME-1	1.3e-003	1054	8.45	tp	0
1-RGTCAACD	STREME-1	1.3e-003	455	8.45	tp	0
1-RGTCAACD	STREME-1	1.3e-003	141	8.45	tp	0
1-RGTCAACD	STREME-1	1.3e-003	1018	8.45	tp	0
1-RGTCAACD	STREME-1	1.3e-003	1370	8.45	tp	0
1-RGTCAACD	STREME-1	1.3e-003	1109	8.45	tp	0
1-RGTCAACD	STREME-1	1.3e-003	1215	8.45	tp	0
1-RGTCAACD	STREME-1	1.3e-003	984	8.45	tp	0
1-RGTCAACD	STREME-1	1.3e-003	185	8.45	tp	0
1-RGTCAACD	STREME-1	1.3e-003	637	8.45	tp	0
1-RGTCAACD	STREME-1	1.3e-003	1161	8.45	tp	0
1-RGTCAACD	STREME-1	1.3e-003	688	8.45	tp	0
1-RGTCAACD	STREME-1	1.3e-003	348	8.45	fp	0
1-RGTCAACD	STREME-1	1.3e-003	1171	8.45	fp	0
1-RGTCAACD	STREME-1	1.3e-003	1379	8.45	fp	0
1-RGTCAACD	STREME-1	1.3e-003	1406	8.45	fp	0
1-RGTCAACD	STREME-1	1.3e-003	409	8.45	fp	0
1-RGTCAACD	STREME-1	1.3e-003	1007	8.45	fp	0
1-RGTCAACD	STREME-1	1.3e-003	401	8.45	fp	0
1-RGTCAACD	STREME-1	1.3e-003	1189	8.45	fp	0
1-RGTCAACD	STREME-1	1.3e-003	288	8.45	fp	0
1-RGTCAACD	STREME-1	1.3e-003	685	8.45	fp	0
1-RGTCAACD	STREME-1	1.3e-003	425	8.45	fp	0
1-RGTCAACD	STREME-1	1.3e-003	1284	8.45	fp	0
1-RGTCAACD	STREME-1	1.3e-003	1405	8.45	fp	0
1-RGTCAACD	STREME-1	1.3e-003	1125	8.45	tp	1
1-RGTCAACD	STREME-1	1.3e-003	888	8.45	tp	1
1-RGTCAACD	STREME-1	1.3e-003	811	8.45	tp	1
1-RGTCAACD	STREME-1	1.3e-003	699	8.44	tp	0
1-RGTCAACD	STREME-1	1.3e-003	549	8.44	tp	0
1-RGTCAACD	STREME-1	1.3e-003	826	8.44	tp	0
1-RGTCAACD	STREME-1	1.3e-003	883	8.44	tp	0
1-RGTCAACD	STREME-1	1.3e-003	291	8.44	tp	0
1-RGTCAACD	STREME-1	1.3e-003	926	8.44	fp	0
1-RGTCAACD	STREME-1	1.3e-003	360	8.44	tp	1
1-RGTCAACD	STREME-1	1.3e-003	1315	8.43	tp	0
1-RGTCAACD	STREME-1	1.3e-003	556	8.43	tp	0
1-RGTCAACD	STREME-1	1.3e-003	442	8.43	tp	0
1-RGTCAACD	STREME-1	1.3e-003	1298	8.43	tp	0
1-RGTCAACD	STREME-1	1.3e-003	288	8.43	tp	0
1-RGTCAACD	STREME-1	1.3e-003	207	8.43	tp	0
1-RGTCAACD	STREME-1	1.3e-003	1323	8.43	tp	0
1-RGTCAACD	STREME-1	1.3e-003	333	8.43	tp	0
1-RGTCAACD	STREME-1	1.3e-003	230	8.43	tp	0
1-RGTCAACD	STREME-1	1.3e-003	523	8.43	tp	0
1-RGTCAACD	STREME-1	1.3e-003	1490	8.43	tp	0
1-RGTCAACD	STREME-1	1.3e-003	1029	8.43	tp	0
1-RGTCAACD	STREME-1	1.3e-003	533	8.43	tp	0
1-RGTCAACD	STREME-1	1.3e-003	290	8.43	tp	0
1-RGTCAACD	STREME-1	1.3e-003	644	8.43	tp	0
1-RGTCAACD	STREME-1	1.3e-003	1276	8.43	tp	0
1-RGTCAACD	STREME-1	1.3e-003	1240	8.43	tp	0
1-RGTCAACD	STREME-1	1.3e-003	485	8.43	tp	0
1-RGTCAACD	STREME-1	1.3e-003	563	8.43	tp	0
1-RGTCAACD	STREME-1	1.3e-003	798	8.43	tp	0
1-RGTCAACD	STREME-1	1.3e-003	32	8.43	tp	0
1-RGTCAACD	STREME-1	1.3e-003	1341	8.43	tp	0
1-RGTCAACD	STREME-1	1.3e-003	842	8.43	tp	0
1-RGTCAACD	STREME-1	1.3e-003	1440	8.43	tp	0
1-RGTCAACD	STREME-1	1.3e-003	1492	8.43	tp	0
1-RGTCAACD	STREME-1	1.3e-003	600	8.43	tp	0
1-RGTCAACD	STREME-1	1.3e-003	1424	8.43	tp	0
1-RGTCAACD	STREME-1	1.3e-003	782	8.43	tp	0
1-RGTCAACD	STREME-1	1.3e-003	469	8.43	tp	0
1-RGTCAACD	STREME-1	1.3e-003	43	8.43	tp	0
1-RGTCAACD	STREME-1	1.3e-003	824	8.43	tp	0
1-RGTCAACD	STREME-1	1.3e-003	713	8.43	tp	0
1-RGTCAACD	STREME-1	1.3e-003	555	8.43	tp	0
1-RGTCAACD	STREME-1	1.3e-003	1405	8.43	tp	0
1-RGTCAACD	STREME-1	1.3e-003	568	8.43	tp	0
1-RGTCAACD	STREME-1	1.3e-003	1155	8.43	tp	0
1-RGTCAACD	STREME-1	1.3e-003	1190	8.43	tp	0
1-RGTCAACD	STREME-1	1.3e-003	541	8.43	tp	0
1-RGTCAACD	STREME-1	1.3e-003	601	8.43	tp	0
1-RGTCAACD	STREME-1	1.3e-003	528	8.43	tp	0
1-RGTCAACD	STREME-1	1.3e-003	409	8.43	tp	0
1-RGTCAACD	STREME-1	1.3e-003	245	8.43	tp	0
1-RGTCAACD	STREME-1	1.3e-003	863	8.43	tp	0
1-RGTCAACD	STREME-1	1.3e-003	1291	8.43	tp	0
1-RGTCAACD	STREME-1	1.3e-003	328	8.43	tp	0
1-RGTCAACD	STREME-1	1.3e-003	277	8.43	tp	0
1-RGTCAACD	STREME-1	1.3e-003	1446	8.43	fp	0
1-RGTCAACD	STREME-1	1.3e-003	526	8.43	fp	0
1-RGTCAACD	STREME-1	1.3e-003	290	8.43	fp	0
1-RGTCAACD	STREME-1	1.3e-003	485	8.43	fp	0
1-RGTCAACD	STREME-1	1.3e-003	924	8.43	fp	0
1-RGTCAACD	STREME-1	1.3e-003	930	8.43	fp	0
1-RGTCAACD	STREME-1	1.3e-003	1392	8.43	fp	0
1-RGTCAACD	STREME-1	1.3e-003	852	8.43	fp	0
1-RGTCAACD	STREME-1	1.3e-003	796	8.43	fp	0
1-RGTCAACD	STREME-1	1.3e-003	1424	8.43	fp	0
1-RGTCAACD	STREME-1	1.3e-003	224	8.43	fp	0
1-RGTCAACD	STREME-1	1.3e-003	35	8.43	fp	0
1-RGTCAACD	STREME-1	1.3e-003	256	8.43	fp	0
1-RGTCAACD	STREME-1	1.3e-003	1335	8.43	fp	0
1-RGTCAACD	STREME-1	1.3e-003	1165	8.43	fp	0
1-RGTCAACD	STREME-1	1.3e-003	360	8.43	fp	0
1-RGTCAACD	STREME-1	1.3e-003	223	8.43	fp	0
1-RGTCAACD	STREME-1	1.3e-003	978	8.43	fp	0
1-RGTCAACD	STREME-1	1.3e-003	1337	8.43	fp	0
1-RGTCAACD	STREME-1	1.3e-003	1152	8.43	fp	0
1-RGTCAACD	STREME-1	1.3e-003	1459	8.43	fp	0
1-RGTCAACD	STREME-1	1.3e-003	774	8.43	fp	0
1-RGTCAACD	STREME-1	1.3e-003	563	8.43	fp	0
1-RGTCAACD	STREME-1	1.3e-003	1190	8.43	fp	0
1-RGTCAACD	STREME-1	1.3e-003	630	8.43	fp	0
1-RGTCAACD	STREME-1	1.3e-003	653	8.43	tp	1
1-RGTCAACD	STREME-1	1.3e-003	1488	8.43	tp	1
1-RGTCAACD	STREME-1	1.3e-003	622	8.43	tp	1
1-RGTCAACD	STREME-1	1.3e-003	624	8.43	tp	1
1-RGTCAACD	STREME-1	1.3e-003	4	8.43	tp	1
1-RGTCAACD	STREME-1	1.3e-003	108	8.43	fp	1
1-RGTCAACD	STREME-1	1.3e-003	1006	8.41	tp	0
1-RGTCAACD	STREME-1	1.3e-003	249	8.41	tp	0
1-RGTCAACD	STREME-1	1.3e-003	479	8.41	tp	0
1-RGTCAACD	STREME-1	1.3e-003	531	8.41	tp	0
1-RGTCAACD	STREME-1	1.3e-003	429	8.41	tp	0
1-RGTCAACD	STREME-1	1.3e-003	829	8.41	tp	0
1-RGTCAACD	STREME-1	1.3e-003	534	8.41	tp	0
1-RGTCAACD	STREME-1	1.3e-003	1166	8.41	tp	0
1-RGTCAACD	STREME-1	1.3e-003	739	8.41	tp	0
1-RGTCAACD	STREME-1	1.3e-003	676	8.41	tp	0
1-RGTCAACD	STREME-1	1.3e-003	516	8.41	tp	0
1-RGTCAACD	STREME-1	1.3e-003	1322	8.41	tp	0
1-RGTCAACD	STREME-1	1.3e-003	1385	8.41	tp	0
1-RGTCAACD	STREME-1	1.3e-003	27	8.41	tp	0
1-RGTCAACD	STREME-1	1.3e-003	1267	8.41	fp	0
1-RGTCAACD	STREME-1	1.3e-003	1372	8.41	fp	0
1-RGTCAACD	STREME-1	1.3e-003	954	8.41	fp	0
1-RGTCAACD	STREME-1	1.3e-003	64	8.41	fp	0
1-RGTCAACD	STREME-1	1.3e-003	131	8.41	fp	0
1-RGTCAACD	STREME-1	1.3e-003	875	8.41	fp	0
1-RGTCAACD	STREME-1	1.3e-003	212	8.41	fp	0
1-RGTCAACD	STREME-1	1.3e-003	499	8.41	tp	1
1-RGTCAACD	STREME-1	1.3e-003	1296	8.41	fp	1
1-RGTCAACD	STREME-1	1.3e-003	1342	8.39	tp	0
1-RGTCAACD	STREME-1	1.3e-003	1110	8.39	tp	0
1-RGTCAACD	STREME-1	1.3e-003	947	8.35	tp	0
1-RGTCAACD	STREME-1	1.3e-003	884	8.35	tp	0
1-RGTCAACD	STREME-1	1.3e-003	75	8.35	tp	0
1-RGTCAACD	STREME-1	1.3e-003	103	8.35	tp	0
1-RGTCAACD	STREME-1	1.3e-003	504	8.35	tp	0
1-RGTCAACD	STREME-1	1.3e-003	1203	8.35	tp	0
1-RGTCAACD	STREME-1	1.3e-003	1278	8.35	tp	0
1-RGTCAACD	STREME-1	1.3e-003	1179	8.35	tp	0
1-RGTCAACD	STREME-1	1.3e-003	1053	8.35	tp	0
1-RGTCAACD	STREME-1	1.3e-003	1428	8.35	tp	0
1-RGTCAACD	STREME-1	1.3e-003	1121	8.35	tp	0
1-RGTCAACD	STREME-1	1.3e-003	1435	8.35	tp	0
1-RGTCAACD	STREME-1	1.3e-003	1260	8.35	tp	0
1-RGTCAACD	STREME-1	1.3e-003	523	8.35	fp	0
1-RGTCAACD	STREME-1	1.3e-003	810	8.35	fp	0
1-RGTCAACD	STREME-1	1.3e-003	726	8.35	fp	0
1-RGTCAACD	STREME-1	1.3e-003	915	8.35	fp	0
1-RGTCAACD	STREME-1	1.3e-003	195	8.35	fp	0
1-RGTCAACD	STREME-1	1.3e-003	180	8.35	tp	1
1-RGTCAACD	STREME-1	1.3e-003	913	8.33	tp	0
1-RGTCAACD	STREME-1	1.3e-003	1448	8.33	fp	0
1-RGTCAACD	STREME-1	1.3e-003	654	8.33	fp	1
1-RGTCAACD	STREME-1	1.3e-003	1304	8.31	tp	0
1-RGTCAACD	STREME-1	1.3e-003	832	8.31	tp	0
1-RGTCAACD	STREME-1	1.3e-003	55	8.31	fp	0
1-RGTCAACD	STREME-1	1.3e-003	1103	8.31	fp	0
1-RGTCAACD	STREME-1	1.3e-003	82	8.25	fp	0
1-RGTCAACD	STREME-1	1.3e-003	432	8.16	tp	0
1-RGTCAACD	STREME-1	1.3e-003	781	8.16	tp	0
1-RGTCAACD	STREME-1	1.3e-003	1486	8.16	tp	0
1-RGTCAACD	STREME-1	1.3e-003	1457	8.16	tp	0
1-RGTCAACD	STREME-1	1.3e-003	206	8.16	tp	0
1-RGTCAACD	STREME-1	1.3e-003	968	8.16	tp	0
1-RGTCAACD	STREME-1	1.3e-003	332	8.16	tp	0
1-RGTCAACD	STREME-1	1.3e-003	872	8.16	tp	0
1-RGTCAACD	STREME-1	1.3e-003	387	8.16	tp	0
1-RGTCAACD	STREME-1	1.3e-003	149	8.16	tp	0
1-RGTCAACD	STREME-1	1.3e-003	525	8.16	tp	0
1-RGTCAACD	STREME-1	1.3e-003	702	8.16	tp	0
1-RGTCAACD	STREME-1	1.3e-003	101	8.16	tp	0
1-RGTCAACD	STREME-1	1.3e-003	765	8.16	tp	0
1-RGTCAACD	STREME-1	1.3e-003	82	8.16	tp	0
1-RGTCAACD	STREME-1	1.3e-003	5	8.16	tp	0
1-RGTCAACD	STREME-1	1.3e-003	562	8.16	tp	0
1-RGTCAACD	STREME-1	1.3e-003	508	8.16	tp	0
1-RGTCAACD	STREME-1	1.3e-003	1320	8.16	tp	0
1-RGTCAACD	STREME-1	1.3e-003	583	8.16	tp	0
1-RGTCAACD	STREME-1	1.3e-003	1308	8.16	tp	0
1-RGTCAACD	STREME-1	1.3e-003	1464	8.16	tp	0
1-RGTCAACD	STREME-1	1.3e-003	1290	8.16	tp	0
1-RGTCAACD	STREME-1	1.3e-003	614	8.16	tp	0
1-RGTCAACD	STREME-1	1.3e-003	686	8.16	tp	0
1-RGTCAACD	STREME-1	1.3e-003	825	8.16	tp	0
1-RGTCAACD	STREME-1	1.3e-003	995	8.16	tp	0
1-RGTCAACD	STREME-1	1.3e-003	1348	8.16	tp	0
1-RGTCAACD	STREME-1	1.3e-003	1099	8.16	tp	0
1-RGTCAACD	STREME-1	1.3e-003	1016	8.16	tp	0
1-RGTCAACD	STREME-1	1.3e-003	1207	8.16	fp	0
1-RGTCAACD	STREME-1	1.3e-003	1129	8.16	fp	0
1-RGTCAACD	STREME-1	1.3e-003	342	8.16	fp	0
1-RGTCAACD	STREME-1	1.3e-003	23	8.16	fp	0
1-RGTCAACD	STREME-1	1.3e-003	204	8.16	fp	0
1-RGTCAACD	STREME-1	1.3e-003	1161	8.16	fp	0
1-RGTCAACD	STREME-1	1.3e-003	443	8.16	fp	0
1-RGTCAACD	STREME-1	1.3e-003	1138	8.16	fp	0
1-RGTCAACD	STREME-1	1.3e-003	102	8.16	fp	0
1-RGTCAACD	STREME-1	1.3e-003	1160	8.16	fp	0
1-RGTCAACD	STREME-1	1.3e-003	1300	8.16	fp	0
1-RGTCAACD	STREME-1	1.3e-003	152	8.16	fp	0
1-RGTCAACD	STREME-1	1.3e-003	1384	8.16	fp	0
1-RGTCAACD	STREME-1	1.3e-003	1174	8.16	fp	0
1-RGTCAACD	STREME-1	1.3e-003	573	8.16	fp	0
1-RGTCAACD	STREME-1	1.3e-003	329	8.16	fp	0
1-RGTCAACD	STREME-1	1.3e-003	1360	8.16	fp	0
1-RGTCAACD	STREME-1	1.3e-003	1029	8.16	fp	0
1-RGTCAACD	STREME-1	1.3e-003	820	8.16	fp	0
1-RGTCAACD	STREME-1	1.3e-003	440	8.16	fp	0
1-RGTCAACD	STREME-1	1.3e-003	917	8.16	fp	0
1-RGTCAACD	STREME-1	1.3e-003	1338	8.16	fp	0
1-RGTCAACD	STREME-1	1.3e-003	1149	8.16	fp	0
1-RGTCAACD	STREME-1	1.3e-003	779	8.16	tp	1
1-RGTCAACD	STREME-1	1.3e-003	677	8.16	tp	1
1-RGTCAACD	STREME-1	1.3e-003	1364	8.16	tp	1
1-RGTCAACD	STREME-1	1.3e-003	160	8.16	tp	1
1-RGTCAACD	STREME-1	1.3e-003	1433	8.16	fp	1
1-RGTCAACD	STREME-1	1.3e-003	816	8.13	tp	0
1-RGTCAACD	STREME-1	1.3e-003	747	8.13	tp	0
1-RGTCAACD	STREME-1	1.3e-003	300	8.13	fp	0
1-RGTCAACD	STREME-1	1.3e-003	729	8.13	fp	0
1-RGTCAACD	STREME-1	1.3e-003	1305	8.13	fp	0
1-RGTCAACD	STREME-1	1.3e-003	138	8.13	fp	0
1-RGTCAACD	STREME-1	1.3e-003	1140	8.13	fp	1
1-RGTCAACD	STREME-1	1.3e-003	224	8.08	tp	0
1-RGTCAACD	STREME-1	1.3e-003	407	8.08	tp	0
1-RGTCAACD	STREME-1	1.3e-003	967	8.08	tp	0
1-RGTCAACD	STREME-1	1.3e-003	169	8.08	tp	0
1-RGTCAACD	STREME-1	1.3e-003	1124	8.08	fp	0
1-RGTCAACD	STREME-1	1.3e-003	463	8.08	fp	0
1-RGTCAACD	STREME-1	1.3e-003	692	8.03	tp	0
1-RGTCAACD	STREME-1	1.3e-003	320	8.03	tp	0
1-RGTCAACD	STREME-1	1.3e-003	962	8.03	tp	0
1-RGTCAACD	STREME-1	1.3e-003	352	8.03	tp	0
1-RGTCAACD	STREME-1	1.3e-003	319	8.03	tp	0
1-RGTCAACD	STREME-1	1.3e-003	1292	8.03	tp	0
1-RGTCAACD	STREME-1	1.3e-003	1020	8.03	tp	0
1-RGTCAACD	STREME-1	1.3e-003	272	8.03	tp	0
1-RGTCAACD	STREME-1	1.3e-003	324	8.03	tp	0
1-RGTCAACD	STREME-1	1.3e-003	669	8.03	fp	0
1-RGTCAACD	STREME-1	1.3e-003	1062	8.03	fp	0
1-RGTCAACD	STREME-1	1.3e-003	858	8.02	tp	0
1-RGTCAACD	STREME-1	1.3e-003	72	8.02	tp	0
1-RGTCAACD	STREME-1	1.3e-003	145	8.02	tp	0
1-RGTCAACD	STREME-1	1.3e-003	240	8.02	tp	0
1-RGTCAACD	STREME-1	1.3e-003	1349	8.02	tp	0
1-RGTCAACD	STREME-1	1.3e-003	647	8.02	tp	0
1-RGTCAACD	STREME-1	1.3e-003	348	8.02	tp	0
1-RGTCAACD	STREME-1	1.3e-003	201	8.02	tp	0
1-RGTCAACD	STREME-1	1.3e-003	424	8.02	tp	0
1-RGTCAACD	STREME-1	1.3e-003	570	8.02	tp	0
1-RGTCAACD	STREME-1	1.3e-003	1144	8.02	tp	0
1-RGTCAACD	STREME-1	1.3e-003	1433	8.02	tp	0
1-RGTCAACD	STREME-1	1.3e-003	757	8.02	tp	0
1-RGTCAACD	STREME-1	1.3e-003	343	8.02	tp	0
1-RGTCAACD	STREME-1	1.3e-003	1087	8.02	tp	0
1-RGTCAACD	STREME-1	1.3e-003	636	8.02	tp	0
1-RGTCAACD	STREME-1	1.3e-003	790	8.02	tp	0
1-RGTCAACD	STREME-1	1.3e-003	629	8.02	tp	0
1-RGTCAACD	STREME-1	1.3e-003	899	8.02	tp	0
1-RGTCAACD	STREME-1	1.3e-003	732	8.02	tp	0
1-RGTCAACD	STREME-1	1.3e-003	10	8.02	tp	0
1-RGTCAACD	STREME-1	1.3e-003	833	8.02	tp	0
1-RGTCAACD	STREME-1	1.3e-003	197	8.02	tp	0
1-RGTCAACD	STREME-1	1.3e-003	1286	8.02	tp	0
1-RGTCAACD	STREME-1	1.3e-003	852	8.02	tp	0
1-RGTCAACD	STREME-1	1.3e-003	389	8.02	tp	0
1-RGTCAACD	STREME-1	1.3e-003	1256	8.02	tp	0
1-RGTCAACD	STREME-1	1.3e-003	591	8.02	tp	0
1-RGTCAACD	STREME-1	1.3e-003	763	8.02	tp	0
1-RGTCAACD	STREME-1	1.3e-003	786	8.02	tp	0
1-RGTCAACD	STREME-1	1.3e-003	918	8.02	tp	0
1-RGTCAACD	STREME-1	1.3e-003	550	8.02	tp	0
1-RGTCAACD	STREME-1	1.3e-003	156	8.02	tp	0
1-RGTCAACD	STREME-1	1.3e-003	575	8.02	tp	0
1-RGTCAACD	STREME-1	1.3e-003	130	8.02	tp	0
1-RGTCAACD	STREME-1	1.3e-003	40	8.02	tp	0
1-RGTCAACD	STREME-1	1.3e-003	100	8.02	tp	0
1-RGTCAACD	STREME-1	1.3e-003	526	8.02	tp	0
1-RGTCAACD	STREME-1	1.3e-003	1096	8.02	tp	0
1-RGTCAACD	STREME-1	1.3e-003	71	8.02	tp	0
1-RGTCAACD	STREME-1	1.3e-003	1177	8.02	tp	0
1-RGTCAACD	STREME-1	1.3e-003	524	8.02	tp	0
1-RGTCAACD	STREME-1	1.3e-003	1393	8.02	tp	0
1-RGTCAACD	STREME-1	1.3e-003	264	8.02	tp	0
1-RGTCAACD	STREME-1	1.3e-003	94	8.02	tp	0
1-RGTCAACD	STREME-1	1.3e-003	737	8.02	tp	0
1-RGTCAACD	STREME-1	1.3e-003	1270	8.02	tp	0
1-RGTCAACD	STREME-1	1.3e-003	1363	8.02	fp	0
1-RGTCAACD	STREME-1	1.3e-003	618	8.02	fp	0
1-RGTCAACD	STREME-1	1.3e-003	1047	8.02	fp	0
1-RGTCAACD	STREME-1	1.3e-003	1278	8.02	fp	0
1-RGTCAACD	STREME-1	1.3e-003	1115	8.02	fp	0
1-RGTCAACD	STREME-1	1.3e-003	851	8.02	fp	0
1-RGTCAACD	STREME-1	1.3e-003	958	8.02	fp	0
1-RGTCAACD	STREME-1	1.3e-003	469	8.02	fp	0
1-RGTCAACD	STREME-1	1.3e-003	617	8.02	fp	0
1-RGTCAACD	STREME-1	1.3e-003	765	8.02	fp	0
1-RGTCAACD	STREME-1	1.3e-003	1466	8.02	fp	0
1-RGTCAACD	STREME-1	1.3e-003	553	8.02	fp	0
1-RGTCAACD	STREME-1	1.3e-003	900	8.02	fp	0
1-RGTCAACD	STREME-1	1.3e-003	511	8.02	fp	0
1-RGTCAACD	STREME-1	1.3e-003	1458	8.02	fp	0
1-RGTCAACD	STREME-1	1.3e-003	197	8.02	fp	0
1-RGTCAACD	STREME-1	1.3e-003	1472	8.02	fp	0
1-RGTCAACD	STREME-1	1.3e-003	581	8.02	fp	0
1-RGTCAACD	STREME-1	1.3e-003	730	8.02	fp	0
1-RGTCAACD	STREME-1	1.3e-003	1009	8.02	fp	0
1-RGTCAACD	STREME-1	1.3e-003	1469	8.02	fp	0
1-RGTCAACD	STREME-1	1.3e-003	1304	8.02	fp	0
1-RGTCAACD	STREME-1	1.3e-003	7	8.02	fp	0
1-RGTCAACD	STREME-1	1.3e-003	297	8.02	fp	0
1-RGTCAACD	STREME-1	1.3e-003	899	8.02	fp	0
1-RGTCAACD	STREME-1	1.3e-003	375	8.02	fp	0
1-RGTCAACD	STREME-1	1.3e-003	1369	8.02	tp	1
1-RGTCAACD	STREME-1	1.3e-003	911	8.02	tp	1
1-RGTCAACD	STREME-1	1.3e-003	652	8.02	tp	1
1-RGTCAACD	STREME-1	1.3e-003	1133	8.02	tp	1
1-RGTCAACD	STREME-1	1.3e-003	849	8.02	tp	1
1-RGTCAACD	STREME-1	1.3e-003	126	8.02	tp	1
1-RGTCAACD	STREME-1	1.3e-003	1046	8.02	tp	1
1-RGTCAACD	STREME-1	1.3e-003	1077	8.02	tp	1
1-RGTCAACD	STREME-1	1.3e-003	6	8.02	fp	1
1-RGTCAACD	STREME-1	1.3e-003	369	8.02	fp	1
1-RGTCAACD	STREME-1	1.3e-003	558	7.92	tp	0
1-RGTCAACD	STREME-1	1.3e-003	12	7.92	tp	0
1-RGTCAACD	STREME-1	1.3e-003	675	7.92	tp	0
1-RGTCAACD	STREME-1	1.3e-003	1497	7.92	tp	0
1-RGTCAACD	STREME-1	1.3e-003	345	7.92	tp	0
1-RGTCAACD	STREME-1	1.3e-003	1209	7.92	tp	0
1-RGTCAACD	STREME-1	1.3e-003	251	7.92	tp	0
1-RGTCAACD	STREME-1	1.3e-003	663	7.92	tp	0
1-RGTCAACD	STREME-1	1.3e-003	1231	7.92	tp	0
1-RGTCAACD	STREME-1	1.3e-003	608	7.92	tp	0
1-RGTCAACD	STREME-1	1.3e-003	1129	7.92	tp	0
1-RGTCAACD	STREME-1	1.3e-003	1425	7.92	tp	0
1-RGTCAACD	STREME-1	1.3e-003	667	7.92	tp	0
1-RGTCAACD	STREME-1	1.3e-003	770	7.92	tp	0
1-RGTCAACD	STREME-1	1.3e-003	1116	7.92	tp	0
1-RGTCAACD	STREME-1	1.3e-003	467	7.92	tp	0
1-RGTCAACD	STREME-1	1.3e-003	488	7.92	tp	0
1-RGTCAACD	STREME-1	1.3e-003	695	7.92	tp	0
1-RGTCAACD	STREME-1	1.3e-003	1047	7.92	tp	0
1-RGTCAACD	STREME-1	1.3e-003	67	7.92	tp	0
1-RGTCAACD	STREME-1	1.3e-003	1009	7.92	tp	0
1-RGTCAACD	STREME-1	1.3e-003	498	7.92	tp	0
1-RGTCAACD	STREME-1	1.3e-003	525	7.92	fp	0
1-RGTCAACD	STREME-1	1.3e-003	681	7.92	fp	0
1-RGTCAACD	STREME-1	1.3e-003	1173	7.92	fp	0
1-RGTCAACD	STREME-1	1.3e-003	196	7.92	fp	0
1-RGTCAACD	STREME-1	1.3e-003	1255	7.92	fp	0
1-RGTCAACD	STREME-1	1.3e-003	183	7.92	fp	0
1-RGTCAACD	STREME-1	1.3e-003	785	7.92	fp	0
1-RGTCAACD	STREME-1	1.3e-003	790	7.92	fp	0
1-RGTCAACD	STREME-1	1.3e-003	1170	7.92	fp	0
1-RGTCAACD	STREME-1	1.3e-003	948	7.92	fp	0
1-RGTCAACD	STREME-1	1.3e-003	242	7.92	fp	0
1-RGTCAACD	STREME-1	1.3e-003	1068	7.92	tp	1
1-RGTCAACD	STREME-1	1.3e-003	1302	7.92	tp	1
1-RGTCAACD	STREME-1	1.3e-003	1314	7.92	fp	1
1-RGTCAACD	STREME-1	1.3e-003	687	7.92	fp	1
1-RGTCAACD	STREME-1	1.3e-003	977	7.92	fp	1
1-RGTCAACD	STREME-1	1.3e-003	1156	7.92	fp	1
1-RGTCAACD	STREME-1	1.3e-003	196	7.92	tp	0
1-RGTCAACD	STREME-1	1.3e-003	1495	7.92	tp	0
1-RGTCAACD	STREME-1	1.3e-003	579	7.92	tp	0
1-RGTCAACD	STREME-1	1.3e-003	593	7.92	tp	0
1-RGTCAACD	STREME-1	1.3e-003	408	7.92	tp	0
1-RGTCAACD	STREME-1	1.3e-003	171	7.92	tp	0
1-RGTCAACD	STREME-1	1.3e-003	673	7.92	tp	0
1-RGTCAACD	STREME-1	1.3e-003	283	7.92	tp	0
1-RGTCAACD	STREME-1	1.3e-003	1499	7.92	tp	0
1-RGTCAACD	STREME-1	1.3e-003	1060	7.92	tp	0
1-RGTCAACD	STREME-1	1.3e-003	305	7.92	tp	0
1-RGTCAACD	STREME-1	1.3e-003	231	7.92	tp	0
1-RGTCAACD	STREME-1	1.3e-003	1380	7.92	tp	0
1-RGTCAACD	STREME-1	1.3e-003	216	7.92	tp	0
1-RGTCAACD	STREME-1	1.3e-003	1450	7.92	tp	0
1-RGTCAACD	STREME-1	1.3e-003	810	7.92	tp	0
1-RGTCAACD	STREME-1	1.3e-003	99	7.92	tp	0
1-RGTCAACD	STREME-1	1.3e-003	691	7.92	tp	0
1-RGTCAACD	STREME-1	1.3e-003	1175	7.92	tp	0
1-RGTCAACD	STREME-1	1.3e-003	1458	7.92	tp	0
1-RGTCAACD	STREME-1	1.3e-003	90	7.92	tp	0
1-RGTCAACD	STREME-1	1.3e-003	381	7.92	tp	0
1-RGTCAACD	STREME-1	1.3e-003	594	7.92	tp	0
1-RGTCAACD	STREME-1	1.3e-003	789	7.92	tp	0
1-RGTCAACD	STREME-1	1.3e-003	18	7.92	tp	0
1-RGTCAACD	STREME-1	1.3e-003	665	7.92	tp	0
1-RGTCAACD	STREME-1	1.3e-003	476	7.92	tp	0
1-RGTCAACD	STREME-1	1.3e-003	28	7.92	tp	0
1-RGTCAACD	STREME-1	1.3e-003	758	7.92	tp	0
1-RGTCAACD	STREME-1	1.3e-003	639	7.92	fp	0
1-RGTCAACD	STREME-1	1.3e-003	775	7.92	fp	0
1-RGTCAACD	STREME-1	1.3e-003	859	7.92	fp	0
1-RGTCAACD	STREME-1	1.3e-003	1366	7.92	fp	0
1-RGTCAACD	STREME-1	1.3e-003	594	7.92	fp	0
1-RGTCAACD	STREME-1	1.3e-003	1065	7.92	fp	0
1-RGTCAACD	STREME-1	1.3e-003	989	7.92	fp	0
1-RGTCAACD	STREME-1	1.3e-003	817	7.92	fp	0
1-RGTCAACD	STREME-1	1.3e-003	570	7.92	fp	0
1-RGTCAACD	STREME-1	1.3e-003	647	7.92	fp	0
1-RGTCAACD	STREME-1	1.3e-003	1056	7.92	fp	0
1-RGTCAACD	STREME-1	1.3e-003	579	7.92	fp	0
1-RGTCAACD	STREME-1	1.3e-003	1126	7.92	fp	0
1-RGTCAACD	STREME-1	1.3e-003	287	7.92	fp	0
1-RGTCAACD	STREME-1	1.3e-003	1165	7.92	tp	1
1-RGTCAACD	STREME-1	1.3e-003	851	7.92	tp	1
1-RGTCAACD	STREME-1	1.3e-003	1350	7.92	fp	1
1-RGTCAACD	STREME-1	1.3e-003	14	7.92	fp	1
1-RGTCAACD	STREME-1	1.3e-003	770	7.92	fp	1
1-RGTCAACD	STREME-1	1.3e-003	1036	7.92	fp	1
1-RGTCAACD	STREME-1	1.3e-003	187	7.92	fp	1
1-RGTCAACD	STREME-1	1.3e-003	934	7.92	fp	1
1-RGTCAACD	STREME-1	1.3e-003	307	7.92	fp	1
1-RGTCAACD	STREME-1	1.3e-003	193	7.92	fp	1
1-RGTCAACD	STREME-1	1.3e-003	1283	7.89	tp	0
1-RGTCAACD	STREME-1	1.3e-003	1038	7.89	tp	0
1-RGTCAACD	STREME-1	1.3e-003	736	7.89	tp	0
1-RGTCAACD	STREME-1	1.3e-003	1273	7.89	tp	0
1-RGTCAACD	STREME-1	1.3e-003	172	7.89	tp	0
1-RGTCAACD	STREME-1	1.3e-003	214	7.89	tp	0
1-RGTCAACD	STREME-1	1.3e-003	1030	7.89	tp	0
1-RGTCAACD	STREME-1	1.3e-003	1476	7.89	tp	0
1-RGTCAACD	STREME-1	1.3e-003	1092	7.89	tp	0
1-RGTCAACD	STREME-1	1.3e-003	553	7.89	tp	0
1-RGTCAACD	STREME-1	1.3e-003	181	7.89	tp	0
1-RGTCAACD	STREME-1	1.3e-003	1461	7.89	tp	0
1-RGTCAACD	STREME-1	1.3e-003	1204	7.89	tp	0
1-RGTCAACD	STREME-1	1.3e-003	208	7.89	tp	0
1-RGTCAACD	STREME-1	1.3e-003	77	7.89	tp	0
1-RGTCAACD	STREME-1	1.3e-003	44	7.89	tp	0
1-RGTCAACD	STREME-1	1.3e-003	645	7.89	tp	0
1-RGTCAACD	STREME-1	1.3e-003	1193	7.89	tp	0
1-RGTCAACD	STREME-1	1.3e-003	1147	7.89	tp	0
1-RGTCAACD	STREME-1	1.3e-003	886	7.89	tp	0
1-RGTCAACD	STREME-1	1.3e-003	1127	7.89	tp	0
1-RGTCAACD	STREME-1	1.3e-003	385	7.89	tp	0
1-RGTCAACD	STREME-1	1.3e-003	1417	7.89	tp	0
1-RGTCAACD	STREME-1	1.3e-003	439	7.89	tp	0
1-RGTCAACD	STREME-1	1.3e-003	61	7.89	tp	0
1-RGTCAACD	STREME-1	1.3e-003	1279	7.89	tp	0
1-RGTCAACD	STREME-1	1.3e-003	1413	7.89	tp	0
1-RGTCAACD	STREME-1	1.3e-003	1061	7.89	tp	0
1-RGTCAACD	STREME-1	1.3e-003	393	7.89	tp	0
1-RGTCAACD	STREME-1	1.3e-003	611	7.89	tp	0
1-RGTCAACD	STREME-1	1.3e-003	552	7.89	tp	0
1-RGTCAACD	STREME-1	1.3e-003	953	7.89	tp	0
1-RGTCAACD	STREME-1	1.3e-003	1243	7.89	tp	0
1-RGTCAACD	STREME-1	1.3e-003	1078	7.89	tp	0
1-RGTCAACD	STREME-1	1.3e-003	927	7.89	tp	0
1-RGTCAACD	STREME-1	1.3e-003	1186	7.89	fp	0
1-RGTCAACD	STREME-1	1.3e-003	1195	7.89	fp	0
1-RGTCAACD	STREME-1	1.3e-003	10	7.89	fp	0
1-RGTCAACD	STREME-1	1.3e-003	990	7.89	fp	0
1-RGTCAACD	STREME-1	1.3e-003	231	7.89	fp	0
1-RGTCAACD	STREME-1	1.3e-003	513	7.89	fp	0
1-RGTCAACD	STREME-1	1.3e-003	500	7.89	fp	0
1-RGTCAACD	STREME-1	1.3e-003	1038	7.89	fp	0
1-RGTCAACD	STREME-1	1.3e-003	1427	7.89	fp	0
1-RGTCAACD	STREME-1	1.3e-003	691	7.89	fp	0
1-RGTCAACD	STREME-1	1.3e-003	155	7.89	fp	0
1-RGTCAACD	STREME-1	1.3e-003	642	7.89	tp	1
1-RGTCAACD	STREME-1	1.3e-003	640	7.89	tp	1
1-RGTCAACD	STREME-1	1.3e-003	1086	7.89	tp	1
1-RGTCAACD	STREME-1	1.3e-003	1297	7.89	fp	1
1-RGTCAACD	STREME-1	1.3e-003	1463	7.89	fp	1
1-RGTCAACD	STREME-1	1.3e-003	11	7.88	tp	0
1-RGTCAACD	STREME-1	1.3e-003	1498	7.88	tp	0
1-RGTCAACD	STREME-1	1.3e-003	1105	7.88	tp	0
1-RGTCAACD	STREME-1	1.3e-003	225	7.88	tp	0
1-RGTCAACD	STREME-1	1.3e-003	655	7.88	tp	0
1-RGTCAACD	STREME-1	1.3e-003	462	7.88	fp	0
1-RGTCAACD	STREME-1	1.3e-003	57	7.88	fp	0
1-RGTCAACD	STREME-1	1.3e-003	864	7.87	fp	0
1-RGTCAACD	STREME-1	1.3e-003	1447	7.77	tp	0
1-RGTCAACD	STREME-1	1.3e-003	276	7.77	fp	0
1-RGTCAACD	STREME-1	1.3e-003	233	7.77	fp	0
1-RGTCAACD	STREME-1	1.3e-003	1419	7.77	fp	1
1-RGTCAACD	STREME-1	1.3e-003	269	7.77	tp	0
1-RGTCAACD	STREME-1	1.3e-003	1022	7.77	tp	0
1-RGTCAACD	STREME-1	1.3e-003	492	7.77	tp	0
1-RGTCAACD	STREME-1	1.3e-003	505	7.77	tp	0
1-RGTCAACD	STREME-1	1.3e-003	93	7.77	tp	0
1-RGTCAACD	STREME-1	1.3e-003	1441	7.77	tp	0
1-RGTCAACD	STREME-1	1.3e-003	1253	7.77	tp	0
1-RGTCAACD	STREME-1	1.3e-003	1044	7.77	tp	0
1-RGTCAACD	STREME-1	1.3e-003	1362	7.77	tp	0
1-RGTCAACD	STREME-1	1.3e-003	1051	7.77	tp	0
1-RGTCAACD	STREME-1	1.3e-003	990	7.77	tp	0
1-RGTCAACD	STREME-1	1.3e-003	199	7.77	tp	0
1-RGTCAACD	STREME-1	1.3e-003	1346	7.77	fp	0
1-RGTCAACD	STREME-1	1.3e-003	429	7.77	fp	0
1-RGTCAACD	STREME-1	1.3e-003	1377	7.77	fp	0
1-RGTCAACD	STREME-1	1.3e-003	912	7.77	fp	0
1-RGTCAACD	STREME-1	1.3e-003	1415	7.77	tp	1
1-RGTCAACD	STREME-1	1.3e-003	1272	7.76	tp	0
1-RGTCAACD	STREME-1	1.3e-003	372	7.76	fp	0
1-RGTCAACD	STREME-1	1.3e-003	769	7.74	fp	0
1-RGTCAACD	STREME-1	1.3e-003	715	7.63	tp	0
1-RGTCAACD	STREME-1	1.3e-003	809	7.63	tp	0
1-RGTCAACD	STREME-1	1.3e-003	1041	7.63	tp	0
1-RGTCAACD	STREME-1	1.3e-003	898	7.63	tp	0
1-RGTCAACD	STREME-1	1.3e-003	780	7.63	tp	0
1-RGTCAACD	STREME-1	1.3e-003	1352	7.63	tp	0
1-RGTCAACD	STREME-1	1.3e-003	1134	7.63	tp	0
1-RGTCAACD	STREME-1	1.3e-003	1033	7.63	tp	0
1-RGTCAACD	STREME-1	1.3e-003	1446	7.63	tp	0
1-RGTCAACD	STREME-1	1.3e-003	1058	7.63	tp	0
1-RGTCAACD	STREME-1	1.3e-003	714	7.63	tp	0
1-RGTCAACD	STREME-1	1.3e-003	1013	7.63	tp	0
1-RGTCAACD	STREME-1	1.3e-003	1383	7.63	tp	0
1-RGTCAACD	STREME-1	1.3e-003	723	7.63	tp	0
1-RGTCAACD	STREME-1	1.3e-003	512	7.63	tp	0
1-RGTCAACD	STREME-1	1.3e-003	468	7.63	tp	0
1-RGTCAACD	STREME-1	1.3e-003	1452	7.63	tp	0
1-RGTCAACD	STREME-1	1.3e-003	371	7.63	tp	0
1-RGTCAACD	STREME-1	1.3e-003	474	7.63	tp	0
1-RGTCAACD	STREME-1	1.3e-003	46	7.63	tp	0
1-RGTCAACD	STREME-1	1.3e-003	1401	7.63	tp	0
1-RGTCAACD	STREME-1	1.3e-003	500	7.63	tp	0
1-RGTCAACD	STREME-1	1.3e-003	436	7.63	tp	0
1-RGTCAACD	STREME-1	1.3e-003	120	7.63	tp	0
1-RGTCAACD	STREME-1	1.3e-003	856	7.63	tp	0
1-RGTCAACD	STREME-1	1.3e-003	19	7.63	tp	0
1-RGTCAACD	STREME-1	1.3e-003	907	7.63	tp	0
1-RGTCAACD	STREME-1	1.3e-003	1172	7.63	tp	0
1-RGTCAACD	STREME-1	1.3e-003	935	7.63	tp	0
1-RGTCAACD	STREME-1	1.3e-003	566	7.63	tp	0
1-RGTCAACD	STREME-1	1.3e-003	511	7.63	tp	0
1-RGTCAACD	STREME-1	1.3e-003	785	7.63	tp	0
1-RGTCAACD	STREME-1	1.3e-003	975	7.63	tp	0
1-RGTCAACD	STREME-1	1.3e-003	65	7.63	tp	0
1-RGTCAACD	STREME-1	1.3e-003	670	7.63	tp	0
1-RGTCAACD	STREME-1	1.3e-003	312	7.63	tp	0
1-RGTCAACD	STREME-1	1.3e-003	791	7.63	tp	0
1-RGTCAACD	STREME-1	1.3e-003	1367	7.63	tp	0
1-RGTCAACD	STREME-1	1.3e-003	513	7.63	tp	0
1-RGTCAACD	STREME-1	1.3e-003	1057	7.63	tp	0
1-RGTCAACD	STREME-1	1.3e-003	1232	7.63	tp	0
1-RGTCAACD	STREME-1	1.3e-003	900	7.63	tp	0
1-RGTCAACD	STREME-1	1.3e-003	970	7.63	tp	0
1-RGTCAACD	STREME-1	1.3e-003	123	7.63	tp	0
1-RGTCAACD	STREME-1	1.3e-003	1246	7.63	tp	0
1-RGTCAACD	STREME-1	1.3e-003	88	7.63	tp	0
1-RGTCAACD	STREME-1	1.3e-003	1466	7.63	tp	0
1-RGTCAACD	STREME-1	1.3e-003	1496	7.63	tp	0
1-RGTCAACD	STREME-1	1.3e-003	1186	7.63	tp	0
1-RGTCAACD	STREME-1	1.3e-003	1075	7.63	tp	0
1-RGTCAACD	STREME-1	1.3e-003	814	7.63	tp	0
1-RGTCAACD	STREME-1	1.3e-003	1191	7.63	tp	0
1-RGTCAACD	STREME-1	1.3e-003	569	7.63	tp	0
1-RGTCAACD	STREME-1	1.3e-003	208	7.63	fp	0
1-RGTCAACD	STREME-1	1.3e-003	13	7.63	fp	0
1-RGTCAACD	STREME-1	1.3e-003	143	7.63	fp	0
1-RGTCAACD	STREME-1	1.3e-003	1211	7.63	fp	0
1-RGTCAACD	STREME-1	1.3e-003	956	7.63	fp	0
1-RGTCAACD	STREME-1	1.3e-003	588	7.63	fp	0
1-RGTCAACD	STREME-1	1.3e-003	1109	7.63	fp	0
1-RGTCAACD	STREME-1	1.3e-003	1033	7.63	fp	0
1-RGTCAACD	STREME-1	1.3e-003	221	7.63	fp	0
1-RGTCAACD	STREME-1	1.3e-003	732	7.63	fp	0
1-RGTCAACD	STREME-1	1.3e-003	466	7.63	fp	0
1-RGTCAACD	STREME-1	1.3e-003	651	7.63	fp	0
1-RGTCAACD	STREME-1	1.3e-003	436	7.63	fp	0
1-RGTCAACD	STREME-1	1.3e-003	527	7.63	fp	0
1-RGTCAACD	STREME-1	1.3e-003	1368	7.63	fp	0
1-RGTCAACD	STREME-1	1.3e-003	171	7.63	fp	0
1-RGTCAACD	STREME-1	1.3e-003	479	7.63	fp	0
1-RGTCAACD	STREME-1	1.3e-003	1210	7.63	fp	0
1-RGTCAACD	STREME-1	1.3e-003	186	7.63	fp	0
1-RGTCAACD	STREME-1	1.3e-003	911	7.63	fp	0
1-RGTCAACD	STREME-1	1.3e-003	277	7.63	fp	0
1-RGTCAACD	STREME-1	1.3e-003	529	7.63	fp	0
1-RGTCAACD	STREME-1	1.3e-003	1102	7.63	fp	0
1-RGTCAACD	STREME-1	1.3e-003	1339	7.63	fp	0
1-RGTCAACD	STREME-1	1.3e-003	104	7.63	fp	0
1-RGTCAACD	STREME-1	1.3e-003	424	7.63	fp	0
1-RGTCAACD	STREME-1	1.3e-003	151	7.63	fp	0
1-RGTCAACD	STREME-1	1.3e-003	557	7.63	fp	0
1-RGTCAACD	STREME-1	1.3e-003	830	7.63	fp	0
1-RGTCAACD	STREME-1	1.3e-003	1263	7.63	fp	0
1-RGTCAACD	STREME-1	1.3e-003	49	7.63	fp	0
1-RGTCAACD	STREME-1	1.3e-003	63	7.63	fp	0
1-RGTCAACD	STREME-1	1.3e-003	1201	7.63	fp	0
1-RGTCAACD	STREME-1	1.3e-003	128	7.63	fp	0
1-RGTCAACD	STREME-1	1.3e-003	593	7.63	fp	0
1-RGTCAACD	STREME-1	1.3e-003	545	7.63	fp	0
1-RGTCAACD	STREME-1	1.3e-003	883	7.63	fp	0
1-RGTCAACD	STREME-1	1.3e-003	1461	7.63	fp	0
1-RGTCAACD	STREME-1	1.3e-003	201	7.63	fp	0
1-RGTCAACD	STREME-1	1.3e-003	1082	7.63	fp	0
1-RGTCAACD	STREME-1	1.3e-003	130	7.63	fp	0
1-RGTCAACD	STREME-1	1.3e-003	777	7.63	fp	0
1-RGTCAACD	STREME-1	1.3e-003	200	7.63	tp	1
1-RGTCAACD	STREME-1	1.3e-003	649	7.63	tp	1
1-RGTCAACD	STREME-1	1.3e-003	840	7.63	tp	1
1-RGTCAACD	STREME-1	1.3e-003	598	7.63	fp	1
1-RGTCAACD	STREME-1	1.3e-003	214	7.63	fp	1
1-RGTCAACD	STREME-1	1.3e-003	795	7.43	fp	0
1-RGTCAACD	STREME-1	1.3e-003	138	7.39	tp	0
1-RGTCAACD	STREME-1	1.3e-003	1384	7.39	tp	0
1-RGTCAACD	STREME-1	1.3e-003	372	7.39	tp	0
1-RGTCAACD	STREME-1	1.3e-003	1480	7.39	tp	0
1-RGTCAACD	STREME-1	1.3e-003	41	7.39	tp	0
1-RGTCAACD	STREME-1	1.3e-003	1444	7.39	tp	0
1-RGTCAACD	STREME-1	1.3e-003	1005	7.39	tp	0
1-RGTCAACD	STREME-1	1.3e-003	1058	7.39	fp	0
1-RGTCAACD	STREME-1	1.3e-003	1306	7.38	tp	0
1-RGTCAACD	STREME-1	1.3e-003	787	7.38	tp	0
1-RGTCAACD	STREME-1	1.3e-003	502	7.38	tp	0
1-RGTCAACD	STREME-1	1.3e-003	1390	7.38	tp	0
1-RGTCAACD	STREME-1	1.3e-003	1138	7.38	tp	0
1-RGTCAACD	STREME-1	1.3e-003	1477	7.38	tp	0
1-RGTCAACD	STREME-1	1.3e-003	1481	7.38	tp	0
1-RGTCAACD	STREME-1	1.3e-003	922	7.38	tp	0
1-RGTCAACD	STREME-1	1.3e-003	1198	7.38	tp	0
1-RGTCAACD	STREME-1	1.3e-003	444	7.38	tp	0
1-RGTCAACD	STREME-1	1.3e-003	238	7.38	tp	0
1-RGTCAACD	STREME-1	1.3e-003	1101	7.38	fp	0
1-RGTCAACD	STREME-1	1.3e-003	928	7.38	fp	0
1-RGTCAACD	STREME-1	1.3e-003	378	7.38	fp	0
1-RGTCAACD	STREME-1	1.3e-003	56	7.38	fp	0
1-RGTCAACD	STREME-1	1.3e-003	908	7.38	fp	0
1-RGTCAACD	STREME-1	1.3e-003	437	7.38	fp	0
1-RGTCAACD	STREME-1	1.3e-003	11	7.38	fp	0
1-RGTCAACD	STREME-1	1.3e-003	1451	7.38	tp	1
1-RGTCAACD	STREME-1	1.3e-003	347	7.38	tp	1
1-RGTCAACD	STREME-1	1.3e-003	383	7.38	fp	1
1-RGTCAACD	STREME-1	1.3e-003	1262	7.31	tp	0
1-RGTCAACD	STREME-1	1.3e-003	1364	7.31	fp	0
1-RGTCAACD	STREME-1	1.3e-003	666	7.31	tp	1
1-RGTCAACD	STREME-1	1.3e-003	801	7.24	tp	0
1-RGTCAACD	STREME-1	1.3e-003	1145	7.24	tp	0
1-RGTCAACD	STREME-1	1.3e-003	1331	7.24	tp	0
1-RGTCAACD	STREME-1	1.3e-003	426	7.24	tp	0
1-RGTCAACD	STREME-1	1.3e-003	493	7.24	tp	0
1-RGTCAACD	STREME-1	1.3e-003	983	7.24	tp	0
1-RGTCAACD	STREME-1	1.3e-003	1368	7.24	tp	0
1-RGTCAACD	STREME-1	1.3e-003	1438	7.24	tp	0
1-RGTCAACD	STREME-1	1.3e-003	837	7.24	tp	0
1-RGTCAACD	STREME-1	1.3e-003	153	7.24	tp	0
1-RGTCAACD	STREME-1	1.3e-003	1205	7.24	tp	0
1-RGTCAACD	STREME-1	1.3e-003	1115	7.24	tp	0
1-RGTCAACD	STREME-1	1.3e-003	434	7.24	tp	0
1-RGTCAACD	STREME-1	1.3e-003	308	7.24	tp	0
1-RGTCAACD	STREME-1	1.3e-003	448	7.24	tp	0
1-RGTCAACD	STREME-1	1.3e-003	205	7.24	tp	0
1-RGTCAACD	STREME-1	1.3e-003	1449	7.24	tp	0
1-RGTCAACD	STREME-1	1.3e-003	610	7.24	tp	0
1-RGTCAACD	STREME-1	1.3e-003	960	7.24	tp	0
1-RGTCAACD	STREME-1	1.3e-003	8	7.24	tp	0
1-RGTCAACD	STREME-1	1.3e-003	591	7.24	fp	0
1-RGTCAACD	STREME-1	1.3e-003	918	7.24	fp	0
1-RGTCAACD	STREME-1	1.3e-003	801	7.24	fp	0
1-RGTCAACD	STREME-1	1.3e-003	650	7.24	fp	0
1-RGTCAACD	STREME-1	1.3e-003	1295	7.24	fp	0
1-RGTCAACD	STREME-1	1.3e-003	1041	7.24	fp	0
1-RGTCAACD	STREME-1	1.3e-003	952	7.24	fp	0
1-RGTCAACD	STREME-1	1.3e-003	858	7.24	fp	0
1-RGTCAACD	STREME-1	1.3e-003	1212	7.24	fp	0
1-RGTCAACD	STREME-1	1.3e-003	1302	7.24	fp	0
1-RGTCAACD	STREME-1	1.3e-003	694	7.24	fp	0
1-RGTCAACD	STREME-1	1.3e-003	791	7.24	fp	0
1-RGTCAACD	STREME-1	1.3e-003	803	7.24	fp	0
1-RGTCAACD	STREME-1	1.3e-003	906	7.24	fp	0
1-RGTCAACD	STREME-1	1.3e-003	678	7.24	fp	0
1-RGTCAACD	STREME-1	1.3e-003	992	7.24	fp	0
1-RGTCAACD	STREME-1	1.3e-003	293	7.24	tp	1
1-RGTCAACD	STREME-1	1.3e-003	1483	7.24	fp	1
1-RGTCAACD	STREME-1	1.3e-003	370	7.22	fp	0
1-RGTCAACD	STREME-1	1.3e-003	819	7.12	tp	0
1-RGTCAACD	STREME-1	1.3e-003	113	7.12	fp	1
1-RGTCAACD	STREME-1	1.3e-003	1379	7.04	tp	0
1-RGTCAACD	STREME-1	1.3e-003	1021	7.04	tp	0
1-RGTCAACD	STREME-1	1.3e-003	1222	7.04	tp	0
1-RGTCAACD	STREME-1	1.3e-003	137	7.04	tp	0
1-RGTCAACD	STREME-1	1.3e-003	398	7.04	tp	0
1-RGTCAACD	STREME-1	1.3e-003	592	7.04	fp	0
1-RGTCAACD	STREME-1	1.3e-003	2	7.04	fp	0
1-RGTCAACD	STREME-1	1.3e-003	633	7.04	fp	0
1-RGTCAACD	STREME-1	1.3e-003	625	7.04	fp	0
#
2-YACACRT	STREME-2	8.8e-003	166	12.75	tp	0
2-YACACRT	STREME-2	8.8e-003	251	12.75	tp	0
2-YACACRT	STREME-2	8.8e-003	644	12.75	tp	0
2-YACACRT	STREME-2	8.8e-003	219	12.75	tp	0
2-YACACRT	STREME-2	8.8e-003	1316	12.75	tp	0
2-YACACRT	STREME-2	8.8e-003	458	12.75	tp	0
2-YACACRT	STREME-2	8.8e-003	338	12.75	tp	0
2-YACACRT	STREME-2	8.8e-003	522	12.75	tp	0
2-YACACRT	STREME-2	8.8e-003	1340	12.75	tp	0
2-YACACRT	STREME-2	8.8e-003	836	12.75	tp	0
2-YACACRT	STREME-2	8.8e-003	1083	12.75	tp	0
2-YACACRT	STREME-2	8.8e-003	444	12.75	tp	0
2-YACACRT	STREME-2	8.8e-003	1361	12.75	tp	0
2-YACACRT	STREME-2	8.8e-003	754	12.75	tp	0
2-YACACRT	STREME-2	8.8e-003	754	12.75	fp	0
2-YACACRT	STREME-2	8.8e-003	674	12.75	fp	0
2-YACACRT	STREME-2	8.8e-003	919	12.75	fp	0
2-YACACRT	STREME-2	8.8e-003	892	12.75	fp	0
2-YACACRT	STREME-2	8.8e-003	34	12.75	fp	0
2-YACACRT	STREME-2	8.8e-003	535	12.75	fp	1
2-YACACRT	STREME-2	8.8e-003	58	12.75	fp	1
2-YACACRT	STREME-2	8.8e-003	969	12.55	tp	0
2-YACACRT	STREME-2	8.8e-003	238	12.55	tp	0
2-YACACRT	STREME-2	8.8e-003	538	12.55	fp	0
2-YACACRT	STREME-2	8.8e-003	34	12.55	tp	1
2-YACACRT	STREME-2	8.8e-003	962	12.34	tp	0
2-YACACRT	STREME-2	8.8e-003	818	12.34	tp	0
2-YACACRT	STREME-2	8.8e-003	520	12.34	tp	0
2-YACACRT	STREME-2	8.8e-003	641	12.34	tp	0
2-YACACRT	STREME-2	8.8e-003	829	12.34	tp	0
2-YACACRT	STREME-2	8.8e-003	411	12.34	tp	0
2-YACACRT	STREME-2	8.8e-003	655	12.34	tp	0
2-YACACRT	STREME-2	8.8e-003	32	12.34	tp	0
2-YACACRT	STREME-2	8.8e-003	452	12.34	tp	0
2-YACACRT	STREME-2	8.8e-003	1357	12.34	tp	0
2-YACACRT	STREME-2	8.8e-003	1108	12.34	tp	0
2-YACACRT	STREME-2	8.8e-003	9	12.34	tp	0
2-YACACRT	STREME-2	8.8e-003	1460	12.34	tp	0
2-YACACRT	STREME-2	8.8e-003	628	12.34	tp	0
2-YACACRT	STREME-2	8.8e-003	635	12.34	tp	0
2-YACACRT	STREME-2	8.8e-003	228	12.34	tp	0
2-YACACRT	STREME-2	8.8e-003	814	12.34	tp	0
2-YACACRT	STREME-2	8.8e-003	1237	12.34	tp	0
2-YACACRT	STREME-2	8.8e-003	199	12.34	tp	0
2-YACACRT	STREME-2	8.8e-003	959	12.34	fp	0
2-YACACRT	STREME-2	8.8e-003	680	12.34	fp	0
2-YACACRT	STREME-2	8.8e-003	411	12.34	fp	0
2-YACACRT	STREME-2	8.8e-003	817	12.34	fp	0
2-YACACRT	STREME-2	8.8e-003	1493	12.34	fp	0
2-YACACRT	STREME-2	8.8e-003	1075	12.34	fp	0
2-YACACRT	STREME-2	8.8e-003	1277	12.34	fp	0
2-YACACRT	STREME-2	8.8e-003	11	12.34	fp	0
2-YACACRT	STREME-2	8.8e-003	449	11.33	tp	0
2-YACACRT	STREME-2	8.8e-003	1430	11.33	tp	0
2-YACACRT	STREME-2	8.8e-003	240	11.33	tp	0
2-YACACRT	STREME-2	8.8e-003	675	11.33	tp	0
2-YACACRT	STREME-2	8.8e-003	269	11.33	tp	0
2-YACACRT	STREME-2	8.8e-003	212	11.33	tp	0
2-YACACRT	STREME-2	8.8e-003	1479	11.33	tp	0
2-YACACRT	STREME-2	8.8e-003	1229	11.33	tp	0
2-YACACRT	STREME-2	8.8e-003	944	11.33	tp	0
2-YACACRT	STREME-2	8.8e-003	523	11.33	tp	0
2-YACACRT	STREME-2	8.8e-003	1080	11.33	tp	0
2-YACACRT	STREME-2	8.8e-003	377	11.33	tp	0
2-YACACRT	STREME-2	8.8e-003	1389	11.33	tp	0
2-YACACRT	STREME-2	8.8e-003	1481	11.33	tp	0
2-YACACRT	STREME-2	8.8e-003	935	11.33	tp	0
2-YACACRT	STREME-2	8.8e-003	852	11.33	tp	0
2-YACACRT	STREME-2	8.8e-003	1120	11.33	tp	0
2-YACACRT	STREME-2	8.8e-003	467	11.33	tp	0
2-YACACRT	STREME-2	8.8e-003	656	11.33	tp	0
2-YACACRT	STREME-2	8.8e-003	822	11.33	tp	0
2-YACACRT	STREME-2	8.8e-003	755	11.33	tp	0
2-YACACRT	STREME-2	8.8e-003	676	11.33	tp	0
2-YACACRT	STREME-2	8.8e-003	552	11.33	tp	0
2-YACACRT	STREME-2	8.8e-003	931	11.33	tp	0
2-YACACRT	STREME-2	8.8e-003	966	11.33	tp	0
2-YACACRT	STREME-2	8.8e-003	42	11.33	fp	0
2-YACACRT	STREME-2	8.8e-003	112	11.33	fp	0
2-YACACRT	STREME-2	8.8e-003	1421	11.33	fp	0
2-YACACRT	STREME-2	8.8e-003	1271	11.33	fp	0
2-YACACRT	STREME-2	8.8e-003	909	11.33	fp	0
2-YACACRT	STREME-2	8.8e-003	178	11.33	fp	0
2-YACACRT	STREME-2	8.8e-003	881	11.33	fp	0
2-YACACRT	STREME-2	8.8e-003	1354	11.33	fp	0
2-YACACRT	STREME-2	8.8e-003	227	11.33	fp	0
2-YACACRT	STREME-2	8.8e-003	1102	11.33	fp	0
2-YACACRT	STREME-2	8.8e-003	1479	11.33	fp	0
2-YACACRT	STREME-2	8.8e-003	1263	11.33	fp	0
2-YACACRT	STREME-2	8.8e-003	166	11.33	fp	0
2-YACACRT	STREME-2	8.8e-003	269	11.33	fp	0
2-YACACRT	STREME-2	8.8e-003	973	11.33	fp	0
2-YACACRT	STREME-2	8.8e-003	1481	11.33	fp	0
2-YACACRT	STREME-2	8.8e-003	777	11.33	fp	0
2-YACACRT	STREME-2	8.8e-003	1239	11.33	tp	1
2-YACACRT	STREME-2	8.8e-003	453	11.33	tp	1
2-YACACRT	STREME-2	8.8e-003	42	11.33	tp	1
2-YACACRT	STREME-2	8.8e-003	677	11.33	tp	1
2-YACACRT	STREME-2	8.8e-003	1430	11.33	fp	1
2-YACACRT	STREME-2	8.8e-003	493	11.12	tp	0
2-YACACRT	STREME-2	8.8e-003	1116	11.12	tp	0
2-YACACRT	STREME-2	8.8e-003	1276	11.12	fp	0
2-YACACRT	STREME-2	8.8e-003	1342	11.12	fp	1
2-YACACRT	STREME-2	8.8e-003	819	11.06	tp	0
2-YACACRT	STREME-2	8.8e-003	1376	11.06	tp	0
2-YACACRT	STREME-2	8.8e-003	1153	11.06	tp	0
2-YACACRT	STREME-2	8.8e-003	1494	11.06	tp	0
2-YACACRT	STREME-2	8.8e-003	99	11.06	tp	0
2-YACACRT	STREME-2	8.8e-003	10	11.06	tp	0
2-YACACRT	STREME-2	8.8e-003	716	11.06	tp	0
2-YACACRT	STREME-2	8.8e-003	100	11.06	tp	0
2-YACACRT	STREME-2	8.8e-003	974	11.06	fp	0
2-YACACRT	STREME-2	8.8e-003	1361	11.06	fp	0
2-YACACRT	STREME-2	8.8e-003	100	11.06	fp	0
2-YACACRT	STREME-2	8.8e-003	69	11.06	fp	0
2-YACACRT	STREME-2	8.8e-003	1156	11.06	fp	1
2-YACACRT	STREME-2	8.8e-003	590	11.06	fp	1
2-YACACRT	STREME-2	8.8e-003	158	10.92	tp	0
2-YACACRT	STREME-2	8.8e-003	1164	10.92	tp	0
2-YACACRT	STREME-2	8.8e-003	164	10.92	tp	0
2-YACACRT	STREME-2	8.8e-003	708	10.92	tp	0
2-YACACRT	STREME-2	8.8e-003	473	10.92	tp	0
2-YACACRT	STREME-2	8.8e-003	1421	10.92	tp	0
2-YACACRT	STREME-2	8.8e-003	757	10.92	tp	0
2-YACACRT	STREME-2	8.8e-003	455	10.92	tp	0
2-YACACRT	STREME-2	8.8e-003	485	10.92	tp	0
2-YACACRT	STREME-2	8.8e-003	510	10.92	tp	0
2-YACACRT	STREME-2	8.8e-003	301	10.92	tp	0
2-YACACRT	STREME-2	8.8e-003	1480	10.92	tp	0
2-YACACRT	STREME-2	8.8e-003	1295	10.92	tp	0
2-YACACRT	STREME-2	8.8e-003	657	10.92	tp	0
2-YACACRT	STREME-2	8.8e-003	223	10.92	tp	0
2-YACACRT	STREME-2	8.8e-003	445	10.92	tp	0
2-YACACRT	STREME-2	8.8e-003	894	10.92	tp	0
2-YACACRT	STREME-2	8.8e-003	70	10.92	tp	0
2-YACACRT	STREME-2	8.8e-003	909	10.92	tp	0
2-YACACRT	STREME-2	8.8e-003	542	10.92	tp	0
2-YACACRT	STREME-2	8.8e-003	591	10.92	tp	0
2-YACACRT	STREME-2	8.8e-003	428	10.92	tp	0
2-YACACRT	STREME-2	8.8e-003	1346	10.92	tp	0
2-YACACRT	STREME-2	8.8e-003	1199	10.92	tp	0
2-YACACRT	STREME-2	8.8e-003	959	10.92	tp	0
2-YACACRT	STREME-2	8.8e-003	524	10.92	tp	0
2-YACACRT	STREME-2	8.8e-003	58	10.92	tp	0
2-YACACRT	STREME-2	8.8e-003	591	10.92	fp	0
2-YACACRT	STREME-2	8.8e-003	1267	10.92	fp	0
2-YACACRT	STREME-2	8.8e-003	641	10.92	fp	0
2-YACACRT	STREME-2	8.8e-003	118	10.92	fp	0
2-YACACRT	STREME-2	8.8e-003	604	10.92	fp	0
2-YACACRT	STREME-2	8.8e-003	1081	10.92	fp	0
2-YACACRT	STREME-2	8.8e-003	691	10.92	fp	0
2-YACACRT	STREME-2	8.8e-003	1487	10.92	fp	0
2-YACACRT	STREME-2	8.8e-003	1120	10.92	fp	0
2-YACACRT	STREME-2	8.8e-003	1332	10.92	tp	1
2-YACACRT	STREME-2	8.8e-003	85	10.92	tp	1
2-YACACRT	STREME-2	8.8e-003	877	10.92	tp	1
2-YACACRT	STREME-2	8.8e-003	1456	10.92	tp	1
2-YACACRT	STREME-2	8.8e-003	1097	10.60	tp	0
2-YACACRT	STREME-2	8.8e-003	417	10.60	tp	0
2-YACACRT	STREME-2	8.8e-003	1422	10.60	tp	0
2-YACACRT	STREME-2	8.8e-003	1058	10.60	tp	0
2-YACACRT	STREME-2	8.8e-003	845	10.60	tp	0
2-YACACRT	STREME-2	8.8e-003	968	10.60	tp	0
2-YACACRT	STREME-2	8.8e-003	950	10.60	tp	0
2-YACACRT	STREME-2	8.8e-003	313	10.60	tp	0
2-YACACRT	STREME-2	8.8e-003	331	10.60	tp	0
2-YACACRT	STREME-2	8.8e-003	1365	10.60	tp	0
2-YACACRT	STREME-2	8.8e-003	366	10.60	fp	0
2-YACACRT	STREME-2	8.8e-003	845	10.60	fp	0
2-YACACRT	STREME-2	8.8e-003	1245	10.60	tp	1
2-YACACRT	STREME-2	8.8e-003	1223	10.60	tp	1
2-YACACRT	STREME-2	8.8e-003	175	10.39	tp	0
2-YACACRT	STREME-2	8.8e-003	998	10.20	tp	0
2-YACACRT	STREME-2	8.8e-003	898	10.20	tp	0
2-YACACRT	STREME-2	8.8e-003	746	10.20	tp	0
2-YACACRT	STREME-2	8.8e-003	1115	10.20	tp	0
2-YACACRT	STREME-2	8.8e-003	235	10.20	tp	0
2-YACACRT	STREME-2	8.8e-003	222	10.20	tp	0
2-YACACRT	STREME-2	8.8e-003	803	10.20	tp	0
2-YACACRT	STREME-2	8.8e-003	303	10.20	fp	0
2-YACACRT	STREME-2	8.8e-003	1353	10.20	fp	0
2-YACACRT	STREME-2	8.8e-003	275	10.19	tp	0
2-YACACRT	STREME-2	8.8e-003	992	10.19	tp	0
2-YACACRT	STREME-2	8.8e-003	202	10.19	tp	0
2-YACACRT	STREME-2	8.8e-003	125	10.19	tp	0
2-YACACRT	STREME-2	8.8e-003	1308	10.19	tp	0
2-YACACRT	STREME-2	8.8e-003	1458	10.19	tp	0
2-YACACRT	STREME-2	8.8e-003	763	10.19	tp	0
2-YACACRT	STREME-2	8.8e-003	604	10.19	tp	0
2-YACACRT	STREME-2	8.8e-003	115	10.19	tp	0
2-YACACRT	STREME-2	8.8e-003	460	10.19	tp	0
2-YACACRT	STREME-2	8.8e-003	1157	10.19	tp	0
2-YACACRT	STREME-2	8.8e-003	94	10.19	tp	0
2-YACACRT	STREME-2	8.8e-003	1357	10.19	fp	0
2-YACACRT	STREME-2	8.8e-003	1488	10.19	fp	0
2-YACACRT	STREME-2	8.8e-003	455	10.19	fp	0
2-YACACRT	STREME-2	8.8e-003	362	10.19	fp	0
2-YACACRT	STREME-2	8.8e-003	721	10.19	fp	0
2-YACACRT	STREME-2	8.8e-003	882	10.19	fp	0
2-YACACRT	STREME-2	8.8e-003	225	10.19	fp	0
2-YACACRT	STREME-2	8.8e-003	1365	10.19	fp	0
2-YACACRT	STREME-2	8.8e-003	118	10.19	tp	1
2-YACACRT	STREME-2	8.8e-003	179	10.09	tp	0
2-YACACRT	STREME-2	8.8e-003	1240	10.09	tp	0
2-YACACRT	STREME-2	8.8e-003	291	10.09	tp	0
2-YACACRT	STREME-2	8.8e-003	495	10.09	tp	0
2-YACACRT	STREME-2	8.8e-003	162	10.09	tp	0
2-YACACRT	STREME-2	8.8e-003	1487	10.09	tp	0
2-YACACRT	STREME-2	8.8e-003	864	10.09	fp	0
2-YACACRT	STREME-2	8.8e-003	495	10.09	fp	0
2-YACACRT	STREME-2	8.8e-003	179	10.09	fp	0
2-YACACRT	STREME-2	8.8e-003	1307	10.09	fp	0
2-YACACRT	STREME-2	8.8e-003	48	10.09	tp	1
2-YACACRT	STREME-2	8.8e-003	864	10.00	tp	0
2-YACACRT	STREME-2	8.8e-003	359	10.00	fp	0
2-YACACRT	STREME-2	8.8e-003	200	9.89	tp	1
2-YACACRT	STREME-2	8.8e-003	828	9.84	tp	0
2-YACACRT	STREME-2	8.8e-003	278	9.84	tp	0
2-YACACRT	STREME-2	8.8e-003	1263	9.84	tp	0
2-YACACRT	STREME-2	8.8e-003	1102	9.84	tp	0
2-YACACRT	STREME-2	8.8e-003	968	9.84	fp	0
2-YACACRT	STREME-2	8.8e-003	219	9.84	fp	0
2-YACACRT	STREME-2	8.8e-003	816	9.79	tp	0
2-YACACRT	STREME-2	8.8e-003	152	9.79	tp	0
2-YACACRT	STREME-2	8.8e-003	1427	9.79	tp	0
2-YACACRT	STREME-2	8.8e-003	583	9.79	tp	0
2-YACACRT	STREME-2	8.8e-003	967	9.79	tp	0
2-YACACRT	STREME-2	8.8e-003	889	9.79	tp	0
2-YACACRT	STREME-2	8.8e-003	1321	9.79	tp	0
2-YACACRT	STREME-2	8.8e-003	1158	9.79	fp	0
2-YACACRT	STREME-2	8.8e-003	1153	9.79	fp	0
2-YACACRT	STREME-2	8.8e-003	766	9.79	fp	0
2-YACACRT	STREME-2	8.8e-003	1295	9.79	fp	0
2-YACACRT	STREME-2	8.8e-003	504	9.79	fp	0
2-YACACRT	STREME-2	8.8e-003	1124	9.79	fp	0
2-YACACRT	STREME-2	8.8e-003	238	9.79	fp	0
2-YACACRT	STREME-2	8.8e-003	449	9.79	fp	0
2-YACACRT	STREME-2	8.8e-003	883	9.79	fp	0
2-YACACRT	STREME-2	8.8e-003	1148	9.79	tp	1
2-YACACRT	STREME-2	8.8e-003	1488	9.79	tp	1
2-YACACRT	STREME-2	8.8e-003	1419	9.68	tp	0
2-YACACRT	STREME-2	8.8e-003	519	9.68	tp	0
2-YACACRT	STREME-2	8.8e-003	823	9.68	tp	0
2-YACACRT	STREME-2	8.8e-003	1211	9.68	fp	0
2-YACACRT	STREME-2	8.8e-003	78	9.64	tp	0
2-YACACRT	STREME-2	8.8e-003	1095	9.64	tp	0
2-YACACRT	STREME-2	8.8e-003	312	9.64	tp	0
2-YACACRT	STREME-2	8.8e-003	268	9.64	tp	0
2-YACACRT	STREME-2	8.8e-003	1254	9.64	tp	0
2-YACACRT	STREME-2	8.8e-003	153	9.64	fp	0
2-YACACRT	STREME-2	8.8e-003	1426	9.64	fp	0
2-YACACRT	STREME-2	8.8e-003	1125	9.64	tp	1
2-YACACRT	STREME-2	8.8e-003	126	9.64	tp	1
2-YACACRT	STREME-2	8.8e-003	175	9.63	fp	0
2-YACACRT	STREME-2	8.8e-003	1382	9.63	fp	0
2-YACACRT	STREME-2	8.8e-003	1351	9.42	tp	0
2-YACACRT	STREME-2	8.8e-003	1287	9.42	tp	0
2-YACACRT	STREME-2	8.8e-003	1031	9.42	tp	0
2-YACACRT	STREME-2	8.8e-003	776	9.42	tp	0
2-YACACRT	STREME-2	8.8e-003	612	9.42	tp	0
2-YACACRT	STREME-2	8.8e-003	782	9.42	tp	0
2-YACACRT	STREME-2	8.8e-003	451	9.42	tp	0
2-YACACRT	STREME-2	8.8e-003	1343	9.42	tp	0
2-YACACRT	STREME-2	8.8e-003	664	9.42	tp	0
2-YACACRT	STREME-2	8.8e-003	234	9.42	fp	0
2-YACACRT	STREME-2	8.8e-003	1343	9.42	fp	0
2-YACACRT	STREME-2	8.8e-003	1108	9.42	fp	0
2-YACACRT	STREME-2	8.8e-003	1134	8.92	tp	0
2-YACACRT	STREME-2	8.8e-003	1285	8.92	tp	0
2-YACACRT	STREME-2	8.8e-003	1094	8.92	tp	0
#
3-ATTATTATTA	STREME-3	1.5e-002	1006	16.51	tp	0
3-ATTATTATTA	STREME-3	1.5e-002	1071	16.51	tp	0
3-ATTATTATTA	STREME-3	1.5e-002	207	16.51	tp	0
3-ATTATTATTA	STREME-3	1.5e-002	351	16.51	tp	0
3-ATTATTATTA	STREME-3	1.5e-002	1027	16.51	tp	0
3-ATTATTATTA	STREME-3	1.5e-002	1087	16.51	tp	0
3-ATTATTATTA	STREME-3	1.5e-002	1370	16.51	tp	0
3-ATTATTATTA	STREME-3	1.5e-002	542	16.51	tp	0
3-ATTATTATTA	STREME-3	1.5e-002	1462	16.51	tp	0
3-ATTATTATTA	STREME-3	1.5e-002	1302	16.51	tp	1
3-ATTATTATTA	STREME-3	1.5e-002	1242	13.76	tp	0
3-ATTATTATTA	STREME-3	1.5e-002	1482	13.76	tp	0
3-ATTATTATTA	STREME-3	1.5e-002	880	13.76	tp	0
3-ATTATTATTA	STREME-3	1.5e-002	285	13.18	tp	0
3-ATTATTATTA	STREME-3	1.5e-002	458	13.18	tp	0
3-ATTATTATTA	STREME-3	1.5e-002	879	13.11	tp	0
3-ATTATTATTA	STREME-3	1.5e-002	1457	13.11	tp	0
3-ATTATTATTA	STREME-3	1.5e-002	194	13.11	tp	0
3-ATTATTATTA	STREME-3	1.5e-002	281	13.11	tp	1
3-ATTATTATTA	STREME-3	1.5e-002	1240	12.51	tp	0
3-ATTATTATTA	STREME-3	1.5e-002	574	12.46	tp	0
3-ATTATTATTA	STREME-3	1.5e-002	1259	12.46	tp	0
3-ATTATTATTA	STREME-3	1.5e-002	1214	12.44	tp	0
3-ATTATTATTA	STREME-3	1.5e-002	309	12.39	tp	0
3-ATTATTATTA	STREME-3	1.5e-002	1118	12.39	tp	0
3-ATTATTATTA	STREME-3	1.5e-002	750	12.35	tp	0
3-ATTATTATTA	STREME-3	1.5e-002	109	12.35	tp	0
3-ATTATTATTA	STREME-3	1.5e-002	550	12.35	tp	0
3-ATTATTATTA	STREME-3	1.5e-002	1491	12.35	tp	0
3-ATTATTATTA	STREME-3	1.5e-002	399	12.35	tp	0
3-ATTATTATTA	STREME-3	1.5e-002	626	12.35	tp	0
3-ATTATTATTA	STREME-3	1.5e-002	616	12.35	tp	0
3-ATTATTATTA	STREME-3	1.5e-002	431	12.35	fp	0
3-ATTATTATTA	STREME-3	1.5e-002	1324	12.35	tp	1
3-ATTATTATTA	STREME-3	1.5e-002	1319	12.35	tp	1
3-ATTATTATTA	STREME-3	1.5e-002	717	12.26	tp	0
3-ATTATTATTA	STREME-3	1.5e-002	1361	12.26	tp	0
3-ATTATTATTA	STREME-3	1.5e-002	1268	12.26	tp	0
3-ATTATTATTA	STREME-3	1.5e-002	1330	12.26	tp	0
3-ATTATTATTA	STREME-3	1.5e-002	1080	12.26	fp	0
3-ATTATTATTA	STREME-3	1.5e-002	110	12.11	tp	0
3-ATTATTATTA	STREME-3	1.5e-002	346	12.11	tp	0
3-ATTATTATTA	STREME-3	1.5e-002	1345	12.11	tp	0
3-ATTATTATTA	STREME-3	1.5e-002	656	12.11	fp	0
3-ATTATTATTA	STREME-3	1.5e-002	402	11.76	tp	0
3-ATTATTATTA	STREME-3	1.5e-002	1293	11.66	tp	0
3-ATTATTATTA	STREME-3	1.5e-002	50	11.66	tp	0
3-ATTATTATTA	STREME-3	1.5e-002	1225	11.66	tp	0
3-ATTATTATTA	STREME-3	1.5e-002	772	11.66	tp	0
3-ATTATTATTA	STREME-3	1.5e-002	1162	11.66	tp	0
3-ATTATTATTA	STREME-3	1.5e-002	616	11.66	fp	0
3-ATTATTATTA	STREME-3	1.5e-002	947	11.66	fp	0
3-ATTATTATTA	STREME-3	1.5e-002	98	11.66	tp	1
3-ATTATTATTA	STREME-3	1.5e-002	1114	11.66	tp	1
3-ATTATTATTA	STREME-3	1.5e-002	119	11.43	tp	0
#
4-AGAAAAGTCT	STREME-4	1.5e-002	784	13.66	tp	0
4-AGAAAAGTCT	STREME-4	1.5e-002	593	13.66	tp	0
4-AGAAAAGTCT	STREME-4	1.5e-002	633	13.66	tp	0
4-AGAAAAGTCT	STREME-4	1.5e-002	1280	13.66	tp	0
4-AGAAAAGTCT	STREME-4	1.5e-002	718	13.66	fp	0
4-AGAAAAGTCT	STREME-4	1.5e-002	985	13.66	fp	0
4-AGAAAAGTCT	STREME-4	1.5e-002	851	13.66	tp	1
4-AGAAAAGTCT	STREME-4	1.5e-002	287	12.78	tp	0
4-AGAAAAGTCT	STREME-4	1.5e-002	204	12.78	tp	0
4-AGAAAAGTCT	STREME-4	1.5e-002	561	12.61	tp	0
4-AGAAAAGTCT	STREME-4	1.5e-002	244	12.01	fp	0
4-AGAAAAGTCT	STREME-4	1.5e-002	446	11.80	tp	0
4-AGAAAAGTCT	STREME-4	1.5e-002	271	11.80	fp	0
4-AGAAAAGTCT	STREME-4	1.5e-002	16	11.76	tp	0
4-AGAAAAGTCT	STREME-4	1.5e-002	960	11.76	tp	0
4-AGAAAAGTCT	STREME-4	1.5e-002	250	11.73	tp	0
4-AGAAAAGTCT	STREME-4	1.5e-002	296	11.73	tp	0
4-AGAAAAGTCT	STREME-4	1.5e-002	1378	11.73	tp	0
4-AGAAAAGTCT	STREME-4	1.5e-002	1096	11.73	fp	0
4-AGAAAAGTCT	STREME-4	1.5e-002	686	11.73	fp	0
4-AGAAAAGTCT	STREME-4	1.5e-002	111	11.73	tp	1
4-AGAAAAGTCT	STREME-4	1.5e-002	78	11.52	tp	0
4-AGAAAAGTCT	STREME-4	1.5e-002	753	11.52	tp	0
4-AGAAAAGTCT	STREME-4	1.5e-002	744	11.52	tp	0
4-AGAAAAGTCT	STREME-4	1.5e-002	672	11.52	fp	0
4-AGAAAAGTCT	STREME-4	1.5e-002	1254	11.52	fp	0
4-AGAAAAGTCT	STREME-4	1.5e-002	305	11.39	tp	0
4-AGAAAAGTCT	STREME-4	1.5e-002	282	11.39	tp	0
4-AGAAAAGTCT	STREME-4	1.5e-002	1109	11.39	fp	0
4-AGAAAAGTCT	STREME-4	1.5e-002	882	11.39	fp	0
4-AGAAAAGTCT	STREME-4	1.5e-002	1344	11.39	tp	1
4-AGAAAAGTCT	STREME-4	1.5e-002	594	11.38	tp	0
4-AGAAAAGTCT	STREME-4	1.5e-002	7	11.38	fp	0
4-AGAAAAGTCT	STREME-4	1.5e-002	1001	11.33	tp	0
4-AGAAAAGTCT	STREME-4	1.5e-002	291	11.31	fp	0
4-AGAAAAGTCT	STREME-4	1.5e-002	818	11.31	fp	0
4-AGAAAAGTCT	STREME-4	1.5e-002	140	11.29	fp	0
4-AGAAAAGTCT	STREME-4	1.5e-002	202	11.21	tp	0
4-AGAAAAGTCT	STREME-4	1.5e-002	216	11.21	tp	0
4-AGAAAAGTCT	STREME-4	1.5e-002	1232	11.21	tp	0
4-AGAAAAGTCT	STREME-4	1.5e-002	1049	11.21	tp	0
4-AGAAAAGTCT	STREME-4	1.5e-002	575	11.21	fp	0
4-AGAAAAGTCT	STREME-4	1.5e-002	376	11.21	tp	1
4-AGAAAAGTCT	STREME-4	1.5e-002	1184	11.20	tp	0
4-AGAAAAGTCT	STREME-4	1.5e-002	487	11.20	tp	0
4-AGAAAAGTCT	STREME-4	1.5e-002	650	11.20	tp	0
4-AGAAAAGTCT	STREME-4	1.5e-002	726	11.19	tp	0
4-AGAAAAGTCT	STREME-4	1.5e-002	404	11.19	tp	0
4-AGAAAAGTCT	STREME-4	1.5e-002	1308	11.19	tp	0
4-AGAAAAGTCT	STREME-4	1.5e-002	857	11.19	tp	0
4-AGAAAAGTCT	STREME-4	1.5e-002	482	11.19	tp	0
4-AGAAAAGTCT	STREME-4	1.5e-002	618	11.19	fp	0
4-AGAAAAGTCT	STREME-4	1.5e-002	164	11.16	tp	0
4-AGAAAAGTCT	STREME-4	1.5e-002	885	11.16	tp	0
4-AGAAAAGTCT	STREME-4	1.5e-002	977	11.16	tp	0
4-AGAAAAGTCT	STREME-4	1.5e-002	1281	11.16	tp	0
4-AGAAAAGTCT	STREME-4	1.5e-002	326	11.16	tp	0
4-AGAAAAGTCT	STREME-4	1.5e-002	560	11.16	tp	0
4-AGAAAAGTCT	STREME-4	1.5e-002	961	11.16	fp	0
4-AGAAAAGTCT	STREME-4	1.5e-002	340	10.88	fp	0
4-AGAAAAGTCT	STREME-4	1.5e-002	1457	10.85	tp	0
4-AGAAAAGTCT	STREME-4	1.5e-002	329	10.85	fp	0
4-AGAAAAGTCT	STREME-4	1.5e-002	1216	10.84	tp	0
4-AGAAAAGTCT	STREME-4	1.5e-002	99	10.84	tp	0
4-AGAAAAGTCT	STREME-4	1.5e-002	100	10.84	tp	0
4-AGAAAAGTCT	STREME-4	1.5e-002	959	10.84	tp	0
4-AGAAAAGTCT	STREME-4	1.5e-002	1193	10.84	fp	0
4-AGAAAAGTCT	STREME-4	1.5e-002	207	10.76	fp	0
4-AGAAAAGTCT	STREME-4	1.5e-002	914	10.65	tp	0
4-AGAAAAGTCT	STREME-4	1.5e-002	364	10.65	tp	0
4-AGAAAAGTCT	STREME-4	1.5e-002	88	10.65	fp	0
4-AGAAAAGTCT	STREME-4	1.5e-002	661	10.64	tp	0
4-AGAAAAGTCT	STREME-4	1.5e-002	1380	10.64	tp	0
4-AGAAAAGTCT	STREME-4	1.5e-002	725	10.64	tp	0
4-AGAAAAGTCT	STREME-4	1.5e-002	1343	10.64	tp	0
4-AGAAAAGTCT	STREME-4	1.5e-002	936	10.51	tp	0
4-AGAAAAGTCT	STREME-4	1.5e-002	527	10.51	fp	0
4-AGAAAAGTCT	STREME-4	1.5e-002	196	10.51	fp	0
4-AGAAAAGTCT	STREME-4	1.5e-002	1217	10.50	tp	0
4-AGAAAAGTCT	STREME-4	1.5e-002	100	10.34	fp	0
4-AGAAAAGTCT	STREME-4	1.5e-002	561	10.34	fp	0
4-AGAAAAGTCT	STREME-4	1.5e-002	195	10.33	tp	0
4-AGAAAAGTCT	STREME-4	1.5e-002	345	10.33	tp	0
4-AGAAAAGTCT	STREME-4	1.5e-002	459	10.33	tp	0
4-AGAAAAGTCT	STREME-4	1.5e-002	855	10.33	tp	0
4-AGAAAAGTCT	STREME-4	1.5e-002	334	10.33	tp	0
4-AGAAAAGTCT	STREME-4	1.5e-002	666	10.33	fp	0
4-AGAAAAGTCT	STREME-4	1.5e-002	625	10.31	tp	0
4-AGAAAAGTCT	STREME-4	1.5e-002	71	10.31	fp	0
4-AGAAAAGTCT	STREME-4	1.5e-002	342	10.24	tp	0
4-AGAAAAGTCT	STREME-4	1.5e-002	825	10.22	tp	0
4-AGAAAAGTCT	STREME-4	1.5e-002	991	10.22	tp	0
4-AGAAAAGTCT	STREME-4	1.5e-002	949	10.22	fp	0
4-AGAAAAGTCT	STREME-4	1.5e-002	1494	10.17	tp	0
4-AGAAAAGTCT	STREME-4	1.5e-002	79	10.15	tp	0
4-AGAAAAGTCT	STREME-4	1.5e-002	933	10.15	tp	0
4-AGAAAAGTCT	STREME-4	1.5e-002	265	10.15	tp	0
4-AGAAAAGTCT	STREME-4	1.5e-002	450	10.15	tp	0
4-AGAAAAGTCT	STREME-4	1.5e-002	703	10.15	tp	0
4-AGAAAAGTCT	STREME-4	1.5e-002	394	10.15	fp	0
4-AGAAAAGTCT	STREME-4	1.5e-002	808	10.15	fp	0
4-AGAAAAGTCT	STREME-4	1.5e-002	419	9.96	tp	1
4-AGAAAAGTCT	STREME-4	1.5e-002	1381	9.96	tp	0
4-AGAAAAGTCT	STREME-4	1.5e-002	1398	9.96	tp	0
4-AGAAAAGTCT	STREME-4	1.5e-002	684	9.96	fp	0
4-AGAAAAGTCT	STREME-4	1.5e-002	1452	9.93	tp	0
4-AGAAAAGTCT	STREME-4	1.5e-002	1403	9.93	fp	0
4-AGAAAAGTCT	STREME-4	1.5e-002	130	9.83	fp	0
4-AGAAAAGTCT	STREME-4	1.5e-002	519	9.72	tp	0
4-AGAAAAGTCT	STREME-4	1.5e-002	1356	9.72	tp	0
4-AGAAAAGTCT	STREME-4	1.5e-002	779	9.68	tp	1
4-AGAAAAGTCT	STREME-4	1.5e-002	41	9.59	tp	0
4-AGAAAAGTCT	STREME-4	1.5e-002	1099	9.59	tp	0
4-AGAAAAGTCT	STREME-4	1.5e-002	1438	9.59	fp	0
4-AGAAAAGTCT	STREME-4	1.5e-002	239	9.59	fp	0
4-AGAAAAGTCT	STREME-4	1.5e-002	362	9.57	tp	0
4-AGAAAAGTCT	STREME-4	1.5e-002	1310	9.55	tp	0
4-AGAAAAGTCT	STREME-4	1.5e-002	1123	9.55	fp	0
4-AGAAAAGTCT	STREME-4	1.5e-002	523	9.52	fp	0
4-AGAAAAGTCT	STREME-4	1.5e-002	1150	9.52	fp	1
4-AGAAAAGTCT	STREME-4	1.5e-002	282	9.45	fp	0
4-AGAAAAGTCT	STREME-4	1.5e-002	784	9.45	fp	0
4-AGAAAAGTCT	STREME-4	1.5e-002	612	9.44	fp	0
4-AGAAAAGTCT	STREME-4	1.5e-002	77	9.39	tp	0
4-AGAAAAGTCT	STREME-4	1.5e-002	1401	9.33	tp	0
4-AGAAAAGTCT	STREME-4	1.5e-002	69	9.33	fp	0
4-AGAAAAGTCT	STREME-4	1.5e-002	1391	9.30	tp	0
4-AGAAAAGTCT	STREME-4	1.5e-002	915	9.30	tp	0
4-AGAAAAGTCT	STREME-4	1.5e-002	417	9.28	tp	0
4-AGAAAAGTCT	STREME-4	1.5e-002	983	9.28	tp	0
4-AGAAAAGTCT	STREME-4	1.5e-002	614	9.28	tp	0
4-AGAAAAGTCT	STREME-4	1.5e-002	468	9.27	tp	0
4-AGAAAAGTCT	STREME-4	1.5e-002	1060	9.27	tp	0
4-AGAAAAGTCT	STREME-4	1.5e-002	826	9.27	tp	0
4-AGAAAAGTCT	STREME-4	1.5e-002	658	9.27	tp	0
4-AGAAAAGTCT	STREME-4	1.5e-002	1165	9.27	fp	0
4-AGAAAAGTCT	STREME-4	1.5e-002	1487	9.27	fp	0
4-AGAAAAGTCT	STREME-4	1.5e-002	104	9.27	tp	0
4-AGAAAAGTCT	STREME-4	1.5e-002	694	9.27	tp	0
4-AGAAAAGTCT	STREME-4	1.5e-002	529	9.27	tp	0
4-AGAAAAGTCT	STREME-4	1.5e-002	679	9.27	tp	0
4-AGAAAAGTCT	STREME-4	1.5e-002	1252	9.27	tp	0
4-AGAAAAGTCT	STREME-4	1.5e-002	139	9.27	tp	0
4-AGAAAAGTCT	STREME-4	1.5e-002	60	9.27	tp	0
4-AGAAAAGTCT	STREME-4	1.5e-002	1221	9.26	tp	1
4-AGAAAAGTCT	STREME-4	1.5e-002	1129	9.19	tp	0
4-AGAAAAGTCT	STREME-4	1.5e-002	743	9.11	tp	0
4-AGAAAAGTCT	STREME-4	1.5e-002	588	9.11	fp	0
4-AGAAAAGTCT	STREME-4	1.5e-002	755	9.10	fp	0
4-AGAAAAGTCT	STREME-4	1.5e-002	267	9.07	tp	0
4-AGAAAAGTCT	STREME-4	1.5e-002	208	9.07	tp	0
4-AGAAAAGTCT	STREME-4	1.5e-002	1411	9.07	fp	0
4-AGAAAAGTCT	STREME-4	1.5e-002	42	9.04	tp	1
4-AGAAAAGTCT	STREME-4	1.5e-002	884	9.03	tp	0
4-AGAAAAGTCT	STREME-4	1.5e-002	783	9.02	tp	0
4-AGAAAAGTCT	STREME-4	1.5e-002	210	9.02	tp	0
4-AGAAAAGTCT	STREME-4	1.5e-002	919	9.02	tp	0
4-AGAAAAGTCT	STREME-4	1.5e-002	236	9.02	tp	0
4-AGAAAAGTCT	STREME-4	1.5e-002	587	9.02	tp	0
4-AGAAAAGTCT	STREME-4	1.5e-002	1034	9.02	tp	0
4-AGAAAAGTCT	STREME-4	1.5e-002	783	9.02	fp	0
4-AGAAAAGTCT	STREME-4	1.5e-002	395	9.02	fp	0
4-AGAAAAGTCT	STREME-4	1.5e-002	1263	9.02	fp	0
4-AGAAAAGTCT	STREME-4	1.5e-002	470	9.02	tp	0
4-AGAAAAGTCT	STREME-4	1.5e-002	1363	9.02	tp	0
4-AGAAAAGTCT	STREME-4	1.5e-002	1071	9.02	fp	0
4-AGAAAAGTCT	STREME-4	1.5e-002	970	9.02	fp	0
4-AGAAAAGTCT	STREME-4	1.5e-002	1381	8.94	fp	0
4-AGAAAAGTCT	STREME-4	1.5e-002	917	8.93	tp	0
4-AGAAAAGTCT	STREME-4	1.5e-002	1219	8.93	tp	0
4-AGAAAAGTCT	STREME-4	1.5e-002	718	8.93	tp	0
4-AGAAAAGTCT	STREME-4	1.5e-002	814	8.93	fp	0
4-AGAAAAGTCT	STREME-4	1.5e-002	455	8.93	fp	0
4-AGAAAAGTCT	STREME-4	1.5e-002	346	8.92	tp	0
4-AGAAAAGTCT	STREME-4	1.5e-002	174	8.92	tp	0
4-AGAAAAGTCT	STREME-4	1.5e-002	964	8.92	fp	0
4-AGAAAAGTCT	STREME-4	1.5e-002	891	8.90	tp	0
4-AGAAAAGTCT	STREME-4	1.5e-002	843	8.89	tp	0
4-AGAAAAGTCT	STREME-4	1.5e-002	698	8.89	tp	1
4-AGAAAAGTCT	STREME-4	1.5e-002	1165	8.89	tp	1
4-AGAAAAGTCT	STREME-4	1.5e-002	1243	8.88	tp	0
4-AGAAAAGTCT	STREME-4	1.5e-002	1317	8.87	tp	0
4-AGAAAAGTCT	STREME-4	1.5e-002	1103	8.87	fp	0
4-AGAAAAGTCT	STREME-4	1.5e-002	1309	8.87	fp	1
4-AGAAAAGTCT	STREME-4	1.5e-002	670	8.86	fp	0
4-AGAAAAGTCT	STREME-4	1.5e-002	591	8.85	tp	0
4-AGAAAAGTCT	STREME-4	1.5e-002	693	8.85	fp	0
4-AGAAAAGTCT	STREME-4	1.5e-002	1119	8.84	tp	0
4-AGAAAAGTCT	STREME-4	1.5e-002	1252	8.84	fp	0
4-AGAAAAGTCT	STREME-4	1.5e-002	1485	8.83	tp	0
4-AGAAAAGTCT	STREME-4	1.5e-002	930	8.77	tp	0
4-AGAAAAGTCT	STREME-4	1.5e-002	1473	8.76	tp	0
4-AGAAAAGTCT	STREME-4	1.5e-002	7	8.76	tp	0
4-AGAAAAGTCT	STREME-4	1.5e-002	586	8.76	fp	0
4-AGAAAAGTCT	STREME-4	1.5e-002	1259	8.76	fp	1
4-AGAAAAGTCT	STREME-4	1.5e-002	46	8.74	tp	0
4-AGAAAAGTCT	STREME-4	1.5e-002	69	8.74	tp	0
4-AGAAAAGTCT	STREME-4	1.5e-002	393	8.74	fp	0
4-AGAAAAGTCT	STREME-4	1.5e-002	432	8.73	tp	0
4-AGAAAAGTCT	STREME-4	1.5e-002	189	8.73	tp	0
4-AGAAAAGTCT	STREME-4	1.5e-002	1013	8.72	tp	0
4-AGAAAAGTCT	STREME-4	1.5e-002	120	8.72	tp	0
4-AGAAAAGTCT	STREME-4	1.5e-002	88	8.72	tp	0
4-AGAAAAGTCT	STREME-4	1.5e-002	1226	8.72	tp	0
4-AGAAAAGTCT	STREME-4	1.5e-002	143	8.72	fp	0
4-AGAAAAGTCT	STREME-4	1.5e-002	165	8.72	fp	0
4-AGAAAAGTCT	STREME-4	1.5e-002	269	8.72	tp	0
4-AGAAAAGTCT	STREME-4	1.5e-002	818	8.72	tp	0
4-AGAAAAGTCT	STREME-4	1.5e-002	1374	8.72	tp	0
4-AGAAAAGTCT	STREME-4	1.5e-002	822	8.72	tp	0
4-AGAAAAGTCT	STREME-4	1.5e-002	1142	8.72	fp	0
4-AGAAAAGTCT	STREME-4	1.5e-002	1037	8.72	fp	0
4-AGAAAAGTCT	STREME-4	1.5e-002	269	8.72	fp	0
4-AGAAAAGTCT	STREME-4	1.5e-002	270	8.72	tp	1
4-AGAAAAGTCT	STREME-4	1.5e-002	1160	8.71	tp	0
4-AGAAAAGTCT	STREME-4	1.5e-002	1464	8.70	fp	0
4-AGAAAAGTCT	STREME-4	1.5e-002	999	8.70	fp	0
4-AGAAAAGTCT	STREME-4	1.5e-002	276	8.70	tp	1
4-AGAAAAGTCT	STREME-4	1.5e-002	1348	8.69	tp	0
4-AGAAAAGTCT	STREME-4	1.5e-002	763	8.67	tp	0
4-AGAAAAGTCT	STREME-4	1.5e-002	130	8.67	tp	0
4-AGAAAAGTCT	STREME-4	1.5e-002	1341	8.67	fp	0
4-AGAAAAGTCT	STREME-4	1.5e-002	647	8.64	tp	0
4-AGAAAAGTCT	STREME-4	1.5e-002	948	8.61	fp	0
4-AGAAAAGTCT	STREME-4	1.5e-002	1425	8.57	tp	0
4-AGAAAAGTCT	STREME-4	1.5e-002	526	8.56	tp	0
#
5-AAAGAAAARAAAAAW	STREME-5	2.6e-002	331	16.78	tp	0
5-AAAGAAAARAAAAAW	STREME-5	2.6e-002	1301	16.78	fp	0
5-AAAGAAAARAAAAAW	STREME-5	2.6e-002	1168	16.46	tp	0
5-AAAGAAAARAAAAAW	STREME-5	2.6e-002	533	16.46	tp	0
5-AAAGAAAARAAAAAW	STREME-5	2.6e-002	1171	16.46	tp	0
5-AAAGAAAARAAAAAW	STREME-5	2.6e-002	1138	15.72	tp	0
5-AAAGAAAARAAAAAW	STREME-5	2.6e-002	127	15.72	tp	0
5-AAAGAAAARAAAAAW	STREME-5	2.6e-002	1381	15.67	tp	0
5-AAAGAAAARAAAAAW	STREME-5	2.6e-002	1347	15.14	tp	0
5-AAAGAAAARAAAAAW	STREME-5	2.6e-002	1231	15.04	tp	0
5-AAAGAAAARAAAAAW	STREME-5	2.6e-002	630	14.85	tp	0
5-AAAGAAAARAAAAAW	STREME-5	2.6e-002	1442	14.72	tp	0
5-AAAGAAAARAAAAAW	STREME-5	2.6e-002	1301	14.69	tp	0
5-AAAGAAAARAAAAAW	STREME-5	2.6e-002	1487	14.58	tp	0
5-AAAGAAAARAAAAAW	STREME-5	2.6e-002	1264	14.55	tp	0
5-AAAGAAAARAAAAAW	STREME-5	2.6e-002	19	14.51	tp	0
5-AAAGAAAARAAAAAW	STREME-5	2.6e-002	993	14.40	tp	0
5-AAAGAAAARAAAAAW	STREME-5	2.6e-002	485	14.37	tp	0
5-AAAGAAAARAAAAAW	STREME-5	2.6e-002	1339	14.37	tp	0
5-AAAGAAAARAAAAAW	STREME-5	2.6e-002	191	14.37	tp	0
5-AAAGAAAARAAAAAW	STREME-5	2.6e-002	937	14.35	tp	0
5-AAAGAAAARAAAAAW	STREME-5	2.6e-002	1406	14.35	fp	0
5-AAAGAAAARAAAAAW	STREME-5	2.6e-002	230	14.35	fp	0
5-AAAGAAAARAAAAAW	STREME-5	2.6e-002	832	14.32	tp	0
5-AAAGAAAARAAAAAW	STREME-5	2.6e-002	89	14.26	fp	0
5-AAAGAAAARAAAAAW	STREME-5	2.6e-002	942	14.20	tp	0
5-AAAGAAAARAAAAAW	STREME-5	2.6e-002	982	14.20	fp	0
5-AAAGAAAARAAAAAW	STREME-5	2.6e-002	810	14.11	tp	0
5-AAAGAAAARAAAAAW	STREME-5	2.6e-002	776	14.09	tp	0
5-AAAGAAAARAAAAAW	STREME-5	2.6e-002	736	14.07	tp	0
5-AAAGAAAARAAAAAW	STREME-5	2.6e-002	1101	14.07	fp	0
5-AAAGAAAARAAAAAW	STREME-5	2.6e-002	1131	14.06	tp	0
5-AAAGAAAARAAAAAW	STREME-5	2.6e-002	1357	13.95	tp	0
5-AAAGAAAARAAAAAW	STREME-5	2.6e-002	1401	13.95	tp	0
5-AAAGAAAARAAAAAW	STREME-5	2.6e-002	29	13.60	tp	0
5-AAAGAAAARAAAAAW	STREME-5	2.6e-002	1281	13.60	fp	0
5-AAAGAAAARAAAAAW	STREME-5	2.6e-002	1142	13.60	tp	0
5-AAAGAAAARAAAAAW	STREME-5	2.6e-002	311	13.48	tp	0
5-AAAGAAAARAAAAAW	STREME-5	2.6e-002	910	13.41	tp	0
5-AAAGAAAARAAAAAW	STREME-5	2.6e-002	1143	13.29	tp	0
5-AAAGAAAARAAAAAW	STREME-5	2.6e-002	1027	13.26	tp	0
5-AAAGAAAARAAAAAW	STREME-5	2.6e-002	89	13.20	tp	1
5-AAAGAAAARAAAAAW	STREME-5	2.6e-002	252	13.19	tp	0
5-AAAGAAAARAAAAAW	STREME-5	2.6e-002	407	13.17	fp	0
5-AAAGAAAARAAAAAW	STREME-5	2.6e-002	321	13.14	tp	0
5-AAAGAAAARAAAAAW	STREME-5	2.6e-002	687	13.14	tp	0
5-AAAGAAAARAAAAAW	STREME-5	2.6e-002	511	13.09	tp	0
5-AAAGAAAARAAAAAW	STREME-5	2.6e-002	814	13.09	tp	0
5-AAAGAAAARAAAAAW	STREME-5	2.6e-002	453	12.99	tp	1
5-AAAGAAAARAAAAAW	STREME-5	2.6e-002	570	12.96	tp	0
5-AAAGAAAARAAAAAW	STREME-5	2.6e-002	1367	12.96	tp	0
5-AAAGAAAARAAAAAW	STREME-5	2.6e-002	1330	12.91	tp	0
5-AAAGAAAARAAAAAW	STREME-5	2.6e-002	1006	12.90	tp	0
5-AAAGAAAARAAAAAW	STREME-5	2.6e-002	879	12.87	tp	0
5-AAAGAAAARAAAAAW	STREME-5	2.6e-002	1267	12.86	tp	0
5-AAAGAAAARAAAAAW	STREME-5	2.6e-002	1146	12.85	tp	0
5-AAAGAAAARAAAAAW	STREME-5	2.6e-002	483	12.84	tp	0
5-AAAGAAAARAAAAAW	STREME-5	2.6e-002	866	12.77	fp	0
5-AAAGAAAARAAAAAW	STREME-5	2.6e-002	17	12.76	tp	0
5-AAAGAAAARAAAAAW	STREME-5	2.6e-002	26	12.74	fp	0
5-AAAGAAAARAAAAAW	STREME-5	2.6e-002	321	12.70	fp	0
5-AAAGAAAARAAAAAW	STREME-5	2.6e-002	1048	12.67	tp	0
5-AAAGAAAARAAAAAW	STREME-5	2.6e-002	862	12.64	tp	0
5-AAAGAAAARAAAAAW	STREME-5	2.6e-002	1183	12.53	tp	0
5-AAAGAAAARAAAAAW	STREME-5	2.6e-002	10	12.50	tp	0
5-AAAGAAAARAAAAAW	STREME-5	2.6e-002	319	12.47	tp	0
5-AAAGAAAARAAAAAW	STREME-5	2.6e-002	669	12.45	tp	0
5-AAAGAAAARAAAAAW	STREME-5	2.6e-002	831	12.41	fp	1
5-AAAGAAAARAAAAAW	STREME-5	2.6e-002	831	12.40	tp	0
5-AAAGAAAARAAAAAW	STREME-5	2.6e-002	1254	12.36	tp	0
5-AAAGAAAARAAAAAW	STREME-5	2.6e-002	1074	12.34	tp	0
5-AAAGAAAARAAAAAW	STREME-5	2.6e-002	1297	12.32	tp	1
5-AAAGAAAARAAAAAW	STREME-5	2.6e-002	870	12.32	tp	0
5-AAAGAAAARAAAAAW	STREME-5	2.6e-002	900	12.31	tp	0
5-AAAGAAAARAAAAAW	STREME-5	2.6e-002	191	12.31	fp	0
5-AAAGAAAARAAAAAW	STREME-5	2.6e-002	1108	12.30	fp	0
5-AAAGAAAARAAAAAW	STREME-5	2.6e-002	521	12.25	tp	0
5-AAAGAAAARAAAAAW	STREME-5	2.6e-002	970	12.24	fp	0
5-AAAGAAAARAAAAAW	STREME-5	2.6e-002	167	12.22	tp	1
5-AAAGAAAARAAAAAW	STREME-5	2.6e-002	18	12.22	fp	1
5-AAAGAAAARAAAAAW	STREME-5	2.6e-002	426	12.21	fp	0
5-AAAGAAAARAAAAAW	STREME-5	2.6e-002	932	12.20	tp	0
5-AAAGAAAARAAAAAW	STREME-5	2.6e-002	1170	12.17	tp	0
5-AAAGAAAARAAAAAW	STREME-5	2.6e-002	1153	12.17	fp	0
5-AAAGAAAARAAAAAW	STREME-5	2.6e-002	1314	12.14	tp	0
5-AAAGAAAARAAAAAW	STREME-5	2.6e-002	1184	12.11	tp	0
5-AAAGAAAARAAAAAW	STREME-5	2.6e-002	898	12.11	tp	0
5-AAAGAAAARAAAAAW	STREME-5	2.6e-002	564	12.11	tp	0
5-AAAGAAAARAAAAAW	STREME-5	2.6e-002	454	12.08	tp	0
5-AAAGAAAARAAAAAW	STREME-5	2.6e-002	1337	12.06	tp	0
5-AAAGAAAARAAAAAW	STREME-5	2.6e-002	347	12.05	tp	1
5-AAAGAAAARAAAAAW	STREME-5	2.6e-002	954	11.94	fp	0
5-AAAGAAAARAAAAAW	STREME-5	2.6e-002	1164	11.93	tp	0
5-AAAGAAAARAAAAAW	STREME-5	2.6e-002	1062	11.91	tp	0
5-AAAGAAAARAAAAAW	STREME-5	2.6e-002	1041	11.89	tp	0
5-AAAGAAAARAAAAAW	STREME-5	2.6e-002	1431	11.89	tp	1
5-AAAGAAAARAAAAAW	STREME-5	2.6e-002	1271	11.83	fp	0
5-AAAGAAAARAAAAAW	STREME-5	2.6e-002	1284	11.82	tp	0
5-AAAGAAAARAAAAAW	STREME-5	2.6e-002	689	11.78	tp	0
5-AAAGAAAARAAAAAW	STREME-5	2.6e-002	177	11.77	tp	0
5-AAAGAAAARAAAAAW	STREME-5	2.6e-002	261	11.71	fp	0
5-AAAGAAAARAAAAAW	STREME-5	2.6e-002	325	11.71	tp	0
5-AAAGAAAARAAAAAW	STREME-5	2.6e-002	1048	11.67	fp	0
5-AAAGAAAARAAAAAW	STREME-5	2.6e-002	561	11.66	tp	0
5-AAAGAAAARAAAAAW	STREME-5	2.6e-002	1455	11.62	fp	0
5-AAAGAAAARAAAAAW	STREME-5	2.6e-002	531	11.58	tp	0
5-AAAGAAAARAAAAAW	STREME-5	2.6e-002	1332	11.57	tp	1
5-AAAGAAAARAAAAAW	STREME-5	2.6e-002	937	11.54	fp	0
5-AAAGAAAARAAAAAW	STREME-5	2.6e-002	679	11.52	tp	0
5-AAAGAAAARAAAAAW	STREME-5	2.6e-002	1471	11.51	fp	0
5-AAAGAAAARAAAAAW	STREME-5	2.6e-002	73	11.49	tp	0
5-AAAGAAAARAAAAAW	STREME-5	2.6e-002	226	11.49	tp	0
5-AAAGAAAARAAAAAW	STREME-5	2.6e-002	686	11.49	tp	0
5-AAAGAAAARAAAAAW	STREME-5	2.6e-002	781	11.49	tp	0
5-AAAGAAAARAAAAAW	STREME-5	2.6e-002	217	11.48	tp	0
5-AAAGAAAARAAAAAW	STREME-5	2.6e-002	1434	11.44	tp	0
5-AAAGAAAARAAAAAW	STREME-5	2.6e-002	541	11.43	fp	0
5-AAAGAAAARAAAAAW	STREME-5	2.6e-002	1190	11.41	tp	0
5-AAAGAAAARAAAAAW	STREME-5	2.6e-002	961	11.39	fp	0
5-AAAGAAAARAAAAAW	STREME-5	2.6e-002	985	11.37	tp	0
5-AAAGAAAARAAAAAW	STREME-5	2.6e-002	757	11.35	tp	0
5-AAAGAAAARAAAAAW	STREME-5	2.6e-002	210	11.29	tp	0
5-AAAGAAAARAAAAAW	STREME-5	2.6e-002	348	11.25	tp	0
5-AAAGAAAARAAAAAW	STREME-5	2.6e-002	538	11.25	tp	0
5-AAAGAAAARAAAAAW	STREME-5	2.6e-002	783	11.24	tp	0
5-AAAGAAAARAAAAAW	STREME-5	2.6e-002	124	11.21	tp	0
5-AAAGAAAARAAAAAW	STREME-5	2.6e-002	602	11.14	tp	0
5-AAAGAAAARAAAAAW	STREME-5	2.6e-002	688	11.11	tp	0
5-AAAGAAAARAAAAAW	STREME-5	2.6e-002	148	11.04	tp	0
5-AAAGAAAARAAAAAW	STREME-5	2.6e-002	1222	11.03	tp	0
5-AAAGAAAARAAAAAW	STREME-5	2.6e-002	908	10.94	tp	0
5-AAAGAAAARAAAAAW	STREME-5	2.6e-002	267	10.91	tp	0
5-AAAGAAAARAAAAAW	STREME-5	2.6e-002	760	10.89	fp	0
5-AAAGAAAARAAAAAW	STREME-5	2.6e-002	60	10.89	tp	0
5-AAAGAAAARAAAAAW	STREME-5	2.6e-002	759	10.82	tp	0
5-AAAGAAAARAAAAAW	STREME-5	2.6e-002	147	10.80	tp	1
5-AAAGAAAARAAAAAW	STREME-5	2.6e-002	811	10.79	tp	1
5-AAAGAAAARAAAAAW	STREME-5	2.6e-002	940	10.79	tp	0
5-AAAGAAAARAAAAAW	STREME-5	2.6e-002	1097	10.78	tp	0
5-AAAGAAAARAAAAAW	STREME-5	2.6e-002	701	10.78	tp	0
5-AAAGAAAARAAAAAW	STREME-5	2.6e-002	60	10.78	fp	0
5-AAAGAAAARAAAAAW	STREME-5	2.6e-002	1374	10.76	fp	0
5-AAAGAAAARAAAAAW	STREME-5	2.6e-002	174	10.76	fp	0
5-AAAGAAAARAAAAAW	STREME-5	2.6e-002	98	10.70	tp	1
5-AAAGAAAARAAAAAW	STREME-5	2.6e-002	1103	10.70	tp	0
5-AAAGAAAARAAAAAW	STREME-5	2.6e-002	18	10.70	tp	0
5-AAAGAAAARAAAAAW	STREME-5	2.6e-002	228	10.70	tp	0
5-AAAGAAAARAAAAAW	STREME-5	2.6e-002	758	10.68	fp	0
5-AAAGAAAARAAAAAW	STREME-5	2.6e-002	543	10.65	tp	0
5-AAAGAAAARAAAAAW	STREME-5	2.6e-002	1060	10.58	tp	0
5-AAAGAAAARAAAAAW	STREME-5	2.6e-002	982	10.52	tp	0
5-AAAGAAAARAAAAAW	STREME-5	2.6e-002	725	10.51	fp	1
5-AAAGAAAARAAAAAW	STREME-5	2.6e-002	674	10.48	tp	0
5-AAAGAAAARAAAAAW	STREME-5	2.6e-002	543	10.46	fp	0
5-AAAGAAAARAAAAAW	STREME-5	2.6e-002	162	10.43	tp	0
5-AAAGAAAARAAAAAW	STREME-5	2.6e-002	215	10.41	fp	0
5-AAAGAAAARAAAAAW	STREME-5	2.6e-002	666	10.40	tp	1
5-AAAGAAAARAAAAAW	STREME-5	2.6e-002	1000	10.40	tp	0
5-AAAGAAAARAAAAAW	STREME-5	2.6e-002	992	10.28	tp	0
5-AAAGAAAARAAAAAW	STREME-5	2.6e-002	1156	10.26	tp	0
#
6-ATATGTAMG	STREME-6	1.1e-001	772	15.17	fp	0
6-ATATGTAMG	STREME-6	1.1e-001	606	15.17	fp	0
6-ATATGTAMG	STREME-6	1.1e-001	998	14.34	tp	0
6-ATATGTAMG	STREME-6	1.1e-001	590	13.30	tp	0
6-ATATGTAMG	STREME-6	1.1e-001	1412	13.26	tp	0
6-ATATGTAMG	STREME-6	1.1e-001	849	13.26	fp	0
6-ATATGTAMG	STREME-6	1.1e-001	306	12.74	fp	1
6-ATATGTAMG	STREME-6	1.1e-001	378	12.55	tp	0
6-ATATGTAMG	STREME-6	1.1e-001	693	12.55	tp	0
6-ATATGTAMG	STREME-6	1.1e-001	1410	12.55	fp	0
6-ATATGTAMG	STREME-6	1.1e-001	731	12.52	tp	0
6-ATATGTAMG	STREME-6	1.1e-001	74	12.52	tp	0
6-ATATGTAMG	STREME-6	1.1e-001	1175	12.52	tp	0
6-ATATGTAMG	STREME-6	1.1e-001	177	12.43	tp	0
6-ATATGTAMG	STREME-6	1.1e-001	1347	12.43	tp	0
6-ATATGTAMG	STREME-6	1.1e-001	766	12.43	tp	0
6-ATATGTAMG	STREME-6	1.1e-001	354	12.43	tp	0
6-ATATGTAMG	STREME-6	1.1e-001	476	12.43	tp	0
6-ATATGTAMG	STREME-6	1.1e-001	787	12.25	tp	0
6-ATATGTAMG	STREME-6	1.1e-001	129	12.25	tp	0
6-ATATGTAMG	STREME-6	1.1e-001	851	12.25	tp	1
6-ATATGTAMG	STREME-6	1.1e-001	971	11.99	tp	0
6-ATATGTAMG	STREME-6	1.1e-001	119	11.99	tp	0
6-ATATGTAMG	STREME-6	1.1e-001	932	11.99	tp	0
6-ATATGTAMG	STREME-6	1.1e-001	370	11.87	tp	0
6-ATATGTAMG	STREME-6	1.1e-001	664	11.72	tp	0
6-ATATGTAMG	STREME-6	1.1e-001	844	11.72	tp	1
6-ATATGTAMG	STREME-6	1.1e-001	1226	11.72	fp	0
6-ATATGTAMG	STREME-6	1.1e-001	152	11.70	tp	0
6-ATATGTAMG	STREME-6	1.1e-001	679	11.51	tp	0
6-ATATGTAMG	STREME-6	1.1e-001	21	11.48	tp	0
6-ATATGTAMG	STREME-6	1.1e-001	255	11.48	tp	0
6-ATATGTAMG	STREME-6	1.1e-001	741	11.48	tp	0
6-ATATGTAMG	STREME-6	1.1e-001	944	11.23	tp	0
6-ATATGTAMG	STREME-6	1.1e-001	1374	11.21	tp	0
6-ATATGTAMG	STREME-6	1.1e-001	257	11.21	fp	0
6-ATATGTAMG	STREME-6	1.1e-001	1445	11.21	fp	0
6-ATATGTAMG	STREME-6	1.1e-001	703	11.21	fp	0
6-ATATGTAMG	STREME-6	1.1e-001	1445	11.14	tp	0
6-ATATGTAMG	STREME-6	1.1e-001	535	11.14	tp	0
6-ATATGTAMG	STREME-6	1.1e-001	544	11.14	tp	1
6-ATATGTAMG	STREME-6	1.1e-001	976	11.03	tp	0
6-ATATGTAMG	STREME-6	1.1e-001	1181	11.03	fp	0
6-ATATGTAMG	STREME-6	1.1e-001	1296	11.03	fp	1
6-ATATGTAMG	STREME-6	1.1e-001	1349	10.83	tp	0
6-ATATGTAMG	STREME-6	1.1e-001	45	10.83	fp	0
6-ATATGTAMG	STREME-6	1.1e-001	799	10.83	tp	1
6-ATATGTAMG	STREME-6	1.1e-001	1444	10.67	fp	0
6-ATATGTAMG	STREME-6	1.1e-001	532	10.65	tp	0
6-ATATGTAMG	STREME-6	1.1e-001	532	10.65	fp	0
6-ATATGTAMG	STREME-6	1.1e-001	1298	10.60	tp	0
6-ATATGTAMG	STREME-6	1.1e-001	609	10.60	tp	0
6-ATATGTAMG	STREME-6	1.1e-001	238	10.60	tp	0
6-ATATGTAMG	STREME-6	1.1e-001	732	10.60	fp	0
6-ATATGTAMG	STREME-6	1.1e-001	222	10.44	fp	0
6-ATATGTAMG	STREME-6	1.1e-001	921	10.44	tp	1
6-ATATGTAMG	STREME-6	1.1e-001	692	10.36	tp	0
6-ATATGTAMG	STREME-6	1.1e-001	280	10.36	tp	0
6-ATATGTAMG	STREME-6	1.1e-001	975	10.36	tp	0
6-ATATGTAMG	STREME-6	1.1e-001	797	10.36	fp	0
6-ATATGTAMG	STREME-6	1.1e-001	632	10.33	tp	0
6-ATATGTAMG	STREME-6	1.1e-001	96	10.33	tp	0
6-ATATGTAMG	STREME-6	1.1e-001	1095	10.33	tp	0
6-ATATGTAMG	STREME-6	1.1e-001	45	10.33	tp	0
6-ATATGTAMG	STREME-6	1.1e-001	1157	10.33	fp	1
6-ATATGTAMG	STREME-6	1.1e-001	349	10.31	fp	0
6-ATATGTAMG	STREME-6	1.1e-001	943	10.25	tp	0
6-ATATGTAMG	STREME-6	1.1e-001	1200	10.25	tp	0
6-ATATGTAMG	STREME-6	1.1e-001	537	10.25	fp	0
6-ATATGTAMG	STREME-6	1.1e-001	745	10.17	tp	0
6-ATATGTAMG	STREME-6	1.1e-001	68	10.17	tp	0
6-ATATGTAMG	STREME-6	1.1e-001	115	10.17	tp	0
6-ATATGTAMG	STREME-6	1.1e-001	607	10.17	tp	1
6-ATATGTAMG	STREME-6	1.1e-001	1124	10.11	tp	0
6-ATATGTAMG	STREME-6	1.1e-001	586	10.11	tp	0
6-ATATGTAMG	STREME-6	1.1e-001	234	10.09	tp	0
6-ATATGTAMG	STREME-6	1.1e-001	896	10.08	tp	0
6-ATATGTAMG	STREME-6	1.1e-001	431	10.08	tp	0
6-ATATGTAMG	STREME-6	1.1e-001	503	10.08	tp	0
6-ATATGTAMG	STREME-6	1.1e-001	455	10.08	tp	0
6-ATATGTAMG	STREME-6	1.1e-001	1117	10.04	tp	0
6-ATATGTAMG	STREME-6	1.1e-001	526	10.04	tp	0
6-ATATGTAMG	STREME-6	1.1e-001	1245	10.04	tp	1
6-ATATGTAMG	STREME-6	1.1e-001	153	10.02	tp	0
6-ATATGTAMG	STREME-6	1.1e-001	1049	10.02	tp	0
6-ATATGTAMG	STREME-6	1.1e-001	1001	10.02	fp	0
6-ATATGTAMG	STREME-6	1.1e-001	1459	9.95	tp	0
6-ATATGTAMG	STREME-6	1.1e-001	1411	9.95	tp	0
6-ATATGTAMG	STREME-6	1.1e-001	938	9.95	fp	0
6-ATATGTAMG	STREME-6	1.1e-001	57	9.94	tp	0
6-ATATGTAMG	STREME-6	1.1e-001	1112	9.94	tp	0
6-ATATGTAMG	STREME-6	1.1e-001	387	9.94	tp	0
6-ATATGTAMG	STREME-6	1.1e-001	1103	9.94	tp	0
6-ATATGTAMG	STREME-6	1.1e-001	843	9.94	tp	0
6-ATATGTAMG	STREME-6	1.1e-001	1495	9.94	fp	0
6-ATATGTAMG	STREME-6	1.1e-001	1328	9.94	fp	0
6-ATATGTAMG	STREME-6	1.1e-001	52	9.94	fp	0
6-ATATGTAMG	STREME-6	1.1e-001	1369	9.94	tp	1
6-ATATGTAMG	STREME-6	1.1e-001	953	9.89	tp	0
6-ATATGTAMG	STREME-6	1.1e-001	343	9.85	tp	0
6-ATATGTAMG	STREME-6	1.1e-001	972	9.67	tp	0
6-ATATGTAMG	STREME-6	1.1e-001	1072	9.67	tp	0
6-ATATGTAMG	STREME-6	1.1e-001	572	9.67	tp	0
6-ATATGTAMG	STREME-6	1.1e-001	1267	9.67	tp	0
6-ATATGTAMG	STREME-6	1.1e-001	758	9.67	tp	0
6-ATATGTAMG	STREME-6	1.1e-001	225	9.67	fp	0
6-ATATGTAMG	STREME-6	1.1e-001	245	9.67	fp	0
6-ATATGTAMG	STREME-6	1.1e-001	1420	9.61	tp	0
6-ATATGTAMG	STREME-6	1.1e-001	924	9.61	tp	0
6-ATATGTAMG	STREME-6	1.1e-001	871	9.51	tp	0
#
7-CACGTGAT	STREME-7	3.1e-001	369	14.99	tp	0
7-CACGTGAT	STREME-7	3.1e-001	1277	14.99	tp	0
7-CACGTGAT	STREME-7	3.1e-001	86	14.99	tp	0
7-CACGTGAT	STREME-7	3.1e-001	837	14.99	tp	0
7-CACGTGAT	STREME-7	3.1e-001	458	14.99	fp	0
7-CACGTGAT	STREME-7	3.1e-001	504	14.78	tp	0
7-CACGTGAT	STREME-7	3.1e-001	1161	14.78	tp	0
7-CACGTGAT	STREME-7	3.1e-001	1221	14.78	tp	1
7-CACGTGAT	STREME-7	3.1e-001	845	13.81	tp	0
7-CACGTGAT	STREME-7	3.1e-001	727	13.81	tp	0
7-CACGTGAT	STREME-7	3.1e-001	244	13.58	tp	0
7-CACGTGAT	STREME-7	3.1e-001	24	13.58	tp	0
7-CACGTGAT	STREME-7	3.1e-001	410	13.58	tp	0
7-CACGTGAT	STREME-7	3.1e-001	827	13.58	tp	0
7-CACGTGAT	STREME-7	3.1e-001	1223	13.58	fp	0
7-CACGTGAT	STREME-7	3.1e-001	1166	13.37	tp	0
7-CACGTGAT	STREME-7	3.1e-001	2	13.37	tp	1
7-CACGTGAT	STREME-7	3.1e-001	909	13.31	tp	0
7-CACGTGAT	STREME-7	3.1e-001	1388	13.31	tp	0
7-CACGTGAT	STREME-7	3.1e-001	1460	13.31	tp	0
7-CACGTGAT	STREME-7	3.1e-001	808	13.31	tp	0
7-CACGTGAT	STREME-7	3.1e-001	394	13.28	tp	0
7-CACGTGAT	STREME-7	3.1e-001	112	13.28	tp	0
7-CACGTGAT	STREME-7	3.1e-001	56	13.07	tp	0
7-CACGTGAT	STREME-7	3.1e-001	561	13.07	tp	0
7-CACGTGAT	STREME-7	3.1e-001	133	13.07	tp	0
7-CACGTGAT	STREME-7	3.1e-001	793	12.64	tp	0
7-CACGTGAT	STREME-7	3.1e-001	855	12.64	tp	0
7-CACGTGAT	STREME-7	3.1e-001	1091	12.45	tp	0
7-CACGTGAT	STREME-7	3.1e-001	278	12.45	fp	1
7-CACGTGAT	STREME-7	3.1e-001	149	12.28	tp	0
7-CACGTGAT	STREME-7	3.1e-001	658	12.28	tp	0
7-CACGTGAT	STREME-7	3.1e-001	1307	12.28	tp	1
7-CACGTGAT	STREME-7	3.1e-001	322	12.13	fp	0
7-CACGTGAT	STREME-7	3.1e-001	39	11.90	tp	0
7-CACGTGAT	STREME-7	3.1e-001	1209	11.90	tp	0
7-CACGTGAT	STREME-7	3.1e-001	637	11.90	tp	0
7-CACGTGAT	STREME-7	3.1e-001	990	11.90	tp	0
7-CACGTGAT	STREME-7	3.1e-001	396	11.77	tp	0
7-CACGTGAT	STREME-7	3.1e-001	717	11.77	tp	0
7-CACGTGAT	STREME-7	3.1e-001	389	11.77	tp	0
#
8-AAATCAAATAA	STREME-8	3.1e-001	57	15.97	tp	0
8-AAATCAAATAA	STREME-8	3.1e-001	635	15.97	tp	0
8-AAATCAAATAA	STREME-8	3.1e-001	393	15.97	tp	0
8-AAATCAAATAA	STREME-8	3.1e-001	21	14.35	tp	0
8-AAATCAAATAA	STREME-8	3.1e-001	1219	13.67	tp	0
8-AAATCAAATAA	STREME-8	3.1e-001	600	13.67	tp	0
8-AAATCAAATAA	STREME-8	3.1e-001	820	13.67	fp	0
8-AAATCAAATAA	STREME-8	3.1e-001	966	13.63	tp	0
8-AAATCAAATAA	STREME-8	3.1e-001	1422	13.42	tp	0
8-AAATCAAATAA	STREME-8	3.1e-001	1059	13.42	tp	0
8-AAATCAAATAA	STREME-8	3.1e-001	797	13.42	fp	0
8-AAATCAAATAA	STREME-8	3.1e-001	577	13.21	tp	0
8-AAATCAAATAA	STREME-8	3.1e-001	812	13.21	tp	0
8-AAATCAAATAA	STREME-8	3.1e-001	835	13.21	tp	0
8-AAATCAAATAA	STREME-8	3.1e-001	942	12.96	tp	0
8-AAATCAAATAA	STREME-8	3.1e-001	188	12.95	tp	0
8-AAATCAAATAA	STREME-8	3.1e-001	1258	12.69	tp	0
8-AAATCAAATAA	STREME-8	3.1e-001	1318	12.69	tp	1
8-AAATCAAATAA	STREME-8	3.1e-001	1063	12.69	tp	0
8-AAATCAAATAA	STREME-8	3.1e-001	1023	12.69	tp	0
8-AAATCAAATAA	STREME-8	3.1e-001	705	12.69	tp	0
8-AAATCAAATAA	STREME-8	3.1e-001	1348	12.69	tp	0
8-AAATCAAATAA	STREME-8	3.1e-001	622	12.69	tp	1
8-AAATCAAATAA	STREME-8	3.1e-001	1324	12.69	fp	1
8-AAATCAAATAA	STREME-8	3.1e-001	592	12.49	tp	0
8-AAATCAAATAA	STREME-8	3.1e-001	1430	12.45	tp	0
8-AAATCAAATAA	STREME-8	3.1e-001	1377	12.28	tp	0
8-AAATCAAATAA	STREME-8	3.1e-001	1224	12.26	tp	0
8-AAATCAAATAA	STREME-8	3.1e-001	658	12.26	tp	0
8-AAATCAAATAA	STREME-8	3.1e-001	1122	12.26	tp	1
8-AAATCAAATAA	STREME-8	3.1e-001	30	12.19	tp	0
8-AAATCAAATAA	STREME-8	3.1e-001	278	12.15	tp	0
8-AAATCAAATAA	STREME-8	3.1e-001	1336	12.05	tp	0
8-AAATCAAATAA	STREME-8	3.1e-001	673	12.02	tp	0
8-AAATCAAATAA	STREME-8	3.1e-001	1340	12.02	tp	0
8-AAATCAAATAA	STREME-8	3.1e-001	700	11.86	tp	0
