<STREME version="5.5.7" release="Wed Jun 19 13:59:04 2024 -0700">
  <model>
    <command_line>streme --verbosity 1 --oc WRKY40/streme_out -dna --seed 0 --p WRKY40/seqs-centered --minw 6 --maxw 15 --order 2</command_line>
    <train_positives count="1337" positions="133700" maxlen="100" file="WRKY40/seqs-centered"/>
    <train_negatives count="1337" positions="133700" from="shuffled"/>
    <test_positives count="148" positions="14800"/>
    <test_negatives count="148" positions="14800"/>
    <alphabet name="DNA" like="dna">
      <letter id="A" symbol="A" complement="T" name="Adenine" colour="CC0000"/>
      <letter id="C" symbol="C" complement="G" name="Cytosine" colour="0000CC"/>
      <letter id="G" symbol="G" complement="C" name="Guanine" colour="FFB300"/>
      <letter id="T" symbol="T" aliases="U" complement="A" name="Thymine" colour="008000"/>
      <letter id="N" symbol="N" aliases="X." equals="ACGT" name="Any base"/>
      <letter id="V" symbol="V" equals="ACG" name="Not T"/>
      <letter id="H" symbol="H" equals="ACT" name="Not G"/>
      <letter id="D" symbol="D" equals="AGT" name="Not C"/>
      <letter id="B" symbol="B" equals="CGT" name="Not A"/>
      <letter id="M" symbol="M" equals="AC" name="Amino"/>
      <letter id="R" symbol="R" equals="AG" name="Purine"/>
      <letter id="W" symbol="W" equals="AT" name="Weak"/>
      <letter id="S" symbol="S" equals="CG" name="Strong"/>
      <letter id="Y" symbol="Y" equals="CT" name="Pyrimidine"/>
      <letter id="K" symbol="K" equals="GT" name="Keto"/>
    </alphabet>
    <strands>both</strands>
    <sequence_db A="0.34" C="0.16" G="0.16" T="0.34"/>
    <background_frequencies source="--negatives--" order="2">
      <alphabet_array>
        <value letter_id="A">0.34</value>
        <value letter_id="C">0.16</value>
        <value letter_id="G">0.16</value>
        <value letter_id="T">0.34</value>
      </alphabet_array>
    </background_frequencies>
    <stop thresh_type="pvalue" thresh="0.05"/>
    <objfun>Differential Enrichment</objfun>
    <test>Fisher Exact Test</test>
    <minw>6</minw>
    <maxw>15</maxw>
    <kmer>3</kmer>
    <hofract>0.1</hofract>
    <neval>25</neval>
    <nref>4</nref>
    <niter>20</niter>
    <patience>3</patience>
    <seed>0</seed>
    <notrim>no</notrim>
    <useer>no</useer>
    <minscore>0</minscore>
    <ignore_depth>5</ignore_depth>
    <nsubsets>1</nsubsets>
    <min_pal_ratio>0.85</min_pal_ratio>
    <max_pal_ed>5</max_pal_ed>
    <cand>no</cand>
    <experimental>no</experimental>
    <totallength>0</totallength>
    <align>center</align>
    <host>fv-az1542-478</host>
  </model>
  <motifs>
    <motif id="1-RGTCAACD" alt="STREME-1" width="8" initial_width="7" seed="AGTCAACG" score_threshold="7.04455" npassing="806" train_pos_count="737" train_neg_count="366" train_log_pvalue="-48.1462" train_pvalue="7.1e-049" train_dtc="-1.0" train_bernoulli="-1" test_pos_count="69" test_neg_count="43" test_log_pvalue="-2.87643" test_pvalue="1.3e-003" test_log_evalue="-1.97334" test_evalue="1.1e-002" test_dtc="-1.0" test_bernoulli="-1" is_palindromic="no" elapsed_time="4.3" total_sites="737" site_distr=" 11 9 5 8 7 11 5 11 5 8 6 9 10 10 7 6 7 6 7 8 6 8 10 11 6 8 13 12 8 8 5 4 10 8 3 5 9 10 1 6 16 9 6 7 9 9 2 8 9 5 10 4 8 12 5 7 8 8 8 10 10 4 9 11 8 9 5 4 6 8 8 11 10 4 11 6 7 6 7 9 6 7 1 7 7 5 10 5 11 10 7 9 7" max_sites="4" site_hist=" 0 498 195 36 8">
      <pos A="0.594736" C="0.0158613" G="0.389192" T="0.000210068"/>
      <pos A="0.000210068" C="9.92194e-05" G="0.999481" T="0.000210068"/>
      <pos A="0.000210068" C="9.92194e-05" G="0.0198643" T="0.979826"/>
      <pos A="0.0875637" C="0.912127" G="9.92194e-05" T="0.000210068"/>
      <pos A="0.918822" C="0.0808691" G="9.92194e-05" T="0.000210068"/>
      <pos A="0.926198" C="9.92194e-05" G="0.0362858" T="0.0374173"/>
      <pos A="0.225192" C="0.589321" G="0.128634" T="0.0568528"/>
      <pos A="0.333272" C="0.131312" G="0.265116" T="0.2703"/>
    </motif>
    <motif id="2-YACACRT" alt="STREME-2" width="7" initial_width="5" seed="CACACAT" score_threshold="8.9218" npassing="183" train_pos_count="165" train_neg_count="81" train_log_pvalue="-7.9746" train_pvalue="1.1e-008" train_dtc="-1.0" train_bernoulli="-1" test_pos_count="18" test_neg_count="6" test_log_pvalue="-2.05726" test_pvalue="8.8e-003" test_log_evalue="-1.15417" test_evalue="7.0e-002" test_dtc="-1.0" test_bernoulli="-1" is_palindromic="no" elapsed_time="17.5" total_sites="165" site_distr=" 2 3 0 4 0 3 1 5 2 2 0 0 0 1 2 1 1 2 1 2 4 2 2 7 0 2 0 1 1 2 1 2 0 1 1 2 2 1 3 3 3 0 1 1 2 1 1 2 2 1 1 1 2 3 2 2 3 2 1 1 0 2 1 1 4 1 0 2 0 1 1 0 1 1 2 3 2 2 3 2 1 3 2 2 2 1 1 2 1 3 4 2 5 2" max_sites="3" site_hist=" 0 146 17 2">
      <pos A="0.00106414" C="0.520818" G="0.000502617" T="0.477615"/>
      <pos A="0.821398" C="0.000502617" G="0.177035" T="0.00106414"/>
      <pos A="0.00106414" C="0.997369" G="0.000502617" T="0.00106414"/>
      <pos A="0.997931" C="0.000502617" G="0.000502617" T="0.00106414"/>
      <pos A="0.00106414" C="0.960907" G="0.0369643" T="0.00106414"/>
      <pos A="0.360159" C="0.0765867" G="0.56219" T="0.00106414"/>
      <pos A="0.154335" C="0.0352756" G="0.0439425" T="0.766447"/>
    </motif>
    <motif id="3-ATTATTATTA" alt="STREME-3" width="10" initial_width="10" seed="ATTATTATTA" score_threshold="11.4278" npassing="50" train_pos_count="44" train_neg_count="5" train_log_pvalue="-8.54369" train_pvalue="2.9e-009" train_dtc="-1.0" train_bernoulli="-1" test_pos_count="6" test_neg_count="0" test_log_pvalue="-1.82861" test_pvalue="1.5e-002" test_log_evalue="-0.925516" test_evalue="1.2e-001" test_dtc="-1.0" test_bernoulli="-1" is_palindromic="no" elapsed_time="10.0" total_sites="44" site_distr=" 0 2 1 1 0 1 0 0 0 1 1 0 1 1 0 0 1 2 1 1 1 1 0 1 0 0 0 0 0 0 0 1 0 0 0 0 0 1 0 1 0 0 2 0 0 1 1 0 0 0 0 0 1 0 1 0 0 0 0 0 0 0 0 0 0 1 0 0 2 3 1 1 0 0 0 1 1 0 1 0 2 0 1 0 0 0 1 0 1 0 0" max_sites="4" site_hist=" 0 37 6 0 1">
      <pos A="0.94205" C="0.0257413" G="0.000582049" T="0.0316271"/>
      <pos A="0.0767305" C="0.000582049" G="0.000582049" T="0.922105"/>
      <pos A="0.0515509" C="0.0509006" G="0.000582049" T="0.896966"/>
      <pos A="0.922105" C="0.000582049" G="0.0760802" T="0.00123232"/>
      <pos A="0.00123232" C="0.0110167" G="0.0257345" T="0.962016"/>
      <pos A="0.0263848" C="0.000582049" G="0.0760802" T="0.896953"/>
      <pos A="0.992764" C="0.000582049" G="0.00542173" T="0.00123232"/>
      <pos A="0.0434563" C="0.0110167" G="0.0257345" T="0.919792"/>
      <pos A="0.0620218" C="0.000582049" G="0.0509006" T="0.886496"/>
      <pos A="0.865279" C="0.0199659" G="0.0509584" T="0.0637967"/>
    </motif>
    <motif id="4-AGAAAAGTCT" alt="STREME-4" width="10" initial_width="6" seed="AGAAAAGTCT" score_threshold="8.56236" npassing="152" train_pos_count="140" train_neg_count="71" train_log_pvalue="-6.35597" train_pvalue="4.4e-007" train_dtc="-1.0" train_bernoulli="-1" test_pos_count="12" test_neg_count="3" test_log_pvalue="-1.81342" test_pvalue="1.5e-002" test_log_evalue="-0.910335" test_evalue="1.2e-001" test_dtc="-1.0" test_bernoulli="-1" is_palindromic="no" elapsed_time="12.5" total_sites="140" site_distr=" 0 5 1 1 2 2 3 0 0 2 3 1 0 3 4 2 1 2 1 1 0 3 2 1 1 1 2 0 1 1 2 1 2 1 0 4 0 1 1 2 0 2 1 0 2 1 2 1 1 5 2 4 3 2 2 1 1 1 4 4 0 0 2 2 1 4 1 1 0 0 2 1 2 2 3 1 0 1 0 0 1 2 2 2 1 3 2 2 0 2 1" max_sites="2" site_hist=" 0 134 6">
      <pos A="0.857418" C="0.0521815" G="0.0133208" T="0.07708"/>
      <pos A="0.0125045" C="0.033876" G="0.927292" T="0.0263277"/>
      <pos A="0.895091" C="0.0440633" G="0.0327783" T="0.0280671"/>
      <pos A="0.879402" C="0.0150134" G="0.0694144" T="0.03617"/>
      <pos A="0.857603" C="0.0359605" G="0.0175888" T="0.0888473"/>
      <pos A="0.870364" C="0.0474409" G="0.047438" T="0.0347567"/>
      <pos A="0.13021" C="0.0449486" G="0.700893" T="0.123949"/>
      <pos A="0.0999881" C="0.0375327" G="0.0569075" T="0.805572"/>
      <pos A="0.0942305" C="0.809317" G="0.0442609" T="0.0521916"/>
      <pos A="0.123294" C="0.143706" G="0.0528276" T="0.680172"/>
    </motif>
    <motif id="5-AAAGAAAARAAAAAW" alt="STREME-5" width="15" initial_width="14" seed="AAAGAAAAGAAAAAT" score_threshold="10.2577" npassing="125" train_pos_count="114" train_neg_count="32" train_log_pvalue="-12.1422" train_pvalue="7.2e-013" train_dtc="-1.0" train_bernoulli="-1" test_pos_count="11" test_neg_count="3" test_log_pvalue="-1.58807" test_pvalue="2.6e-002" test_log_evalue="-0.684983" test_evalue="2.1e-001" test_dtc="-1.0" test_bernoulli="-1" is_palindromic="no" elapsed_time="7.4" total_sites="114" site_distr=" 3 2 2 1 1 2 3 2 0 1 2 1 3 3 2 0 2 1 2 1 1 2 1 0 2 1 1 0 0 1 0 3 1 0 1 1 4 3 1 1 1 3 2 2 0 2 1 0 2 0 0 3 0 2 1 2 4 3 0 1 0 3 1 1 0 2 2 1 2 0 0 1 1 0 0 2 1 1 1 1 2 2 2 1 0 0" max_sites="2" site_hist=" 0 99 15">
      <pos A="0.789768" C="0.000198487" G="0.158149" T="0.0518842"/>
      <pos A="0.973451" C="0.000198487" G="0.0259305" T="0.000420237"/>
      <pos A="0.947719" C="0.000198487" G="0.0345078" T="0.0175749"/>
      <pos A="0.000420237" C="0.0809575" G="0.89247" T="0.0261522"/>
      <pos A="0.8791" C="0.0773945" G="0.0173531" T="0.0261522"/>
      <pos A="0.939141" C="0.000198487" G="0.0345078" T="0.0261522"/>
      <pos A="0.844789" C="0.0945491" G="0.0345101" T="0.0261522"/>
      <pos A="0.836207" C="0.000198487" G="0.154597" T="0.00899757"/>
      <pos A="0.417359" C="0.0773991" G="0.461935" T="0.0433069"/>
      <pos A="0.896253" C="0.000198487" G="0.103129" T="0.000420237"/>
      <pos A="0.712568" C="0.0773945" G="0.209617" T="0.000420237"/>
      <pos A="0.714474" C="0.130513" G="0.0945514" T="0.0604616"/>
      <pos A="0.947719" C="0.0516625" G="0.000198487" T="0.000420237"/>
      <pos A="0.755452" C="0.00877582" G="0.192465" T="0.0433069"/>
      <pos A="0.472393" C="0.0345124" G="0.128865" T="0.364229"/>
    </motif>
    <motif id="6-ATATGTAMG" alt="STREME-6" width="9" initial_width="7" seed="ATATGTAAG" score_threshold="9.51444" npassing="83" train_pos_count="75" train_neg_count="24" train_log_pvalue="-7.07764" train_pvalue="8.4e-008" train_dtc="-1.0" train_bernoulli="-1" test_pos_count="8" test_neg_count="3" test_log_pvalue="-0.963104" test_pvalue="1.1e-001" test_log_evalue="-0.0600145" test_evalue="8.7e-001" test_dtc="-1.0" test_bernoulli="-1" is_palindromic="no" elapsed_time="24.1" total_sites="75" site_distr=" 0 1 1 1 1 0 2 0 0 1 2 0 1 0 0 1 1 0 0 1 0 2 1 0 0 1 3 1 2 1 2 0 1 2 1 3 1 0 1 1 2 1 2 1 1 0 0 1 0 0 0 1 1 0 1 0 0 0 0 1 0 0 0 0 2 1 0 1 0 1 0 1 1 2 1 2 0 1 1 2 1 1 0 0 1 1 1 2 0 3 0 1" max_sites="3" site_hist=" 0 73 1 1">
      <pos A="0.929617" C="0.000397654" G="0.0347659" T="0.0352194"/>
      <pos A="0.0468733" C="0.000397654" G="0.0175818" T="0.935147"/>
      <pos A="0.655795" C="0.0175818" G="0.000397654" T="0.326226"/>
      <pos A="0.000841917" C="0.0519592" G="0.146624" T="0.800575"/>
      <pos A="0.059979" C="0.000397654" G="0.870384" T="0.0692393"/>
      <pos A="0.000841917" C="0.0347659" G="0.000397654" T="0.963995"/>
      <pos A="0.836521" C="0.0347659" G="0.127871" T="0.000841917"/>
      <pos A="0.565968" C="0.310824" G="0.000397654" T="0.122811"/>
      <pos A="0.0665315" C="0.158299" G="0.774328" T="0.000841917"/>
    </motif>
    <motif id="7-CACGTGAT" alt="STREME-7" width="8" initial_width="4" seed="CACGTGAT" score_threshold="11.7722" npassing="37" train_pos_count="34" train_neg_count="3" train_log_pvalue="-7.28702" train_pvalue="5.2e-008" train_dtc="-1.0" train_bernoulli="-1" test_pos_count="3" test_neg_count="1" test_log_pvalue="-0.506929" test_pvalue="3.1e-001" test_log_evalue="0.396161" test_evalue="2.5e+000" test_dtc="-1.0" test_bernoulli="-1" is_palindromic="no" elapsed_time="21.9" total_sites="34" site_distr=" 0 1 2 0 0 0 0 1 0 0 0 1 0 0 0 0 0 0 0 1 0 1 0 1 0 1 0 2 0 1 0 0 0 1 0 0 0 0 0 2 1 0 0 0 0 1 1 0 0 0 0 0 0 1 0 0 0 1 0 0 2 1 0 0 0 1 0 1 0 0 0 1 2 1 0 0 1 0 0 0 0 1 1 1 0 0 0 0 1 0 0 0 0" max_sites="2" site_hist=" 0 33 1">
      <pos A="0.00140017" C="0.882178" G="0.000661328" T="0.11576"/>
      <pos A="0.670879" C="0.115006" G="0.000661328" T="0.213454"/>
      <pos A="0.00140017" C="0.96796" G="0.0292397" T="0.00140017"/>
      <pos A="0.00140017" C="0.143615" G="0.853585" T="0.00140017"/>
      <pos A="0.115745" C="0.0292397" G="0.000661328" T="0.854354"/>
      <pos A="0.287385" C="0.000661328" G="0.710554" T="0.00140017"/>
      <pos A="0.739979" C="0.25796" G="0.000661328" T="0.00140017"/>
      <pos A="0.00140017" C="0.000661328" G="0.000661328" T="0.997277"/>
    </motif>
    <motif id="8-AAATCAAATAA" alt="STREME-8" width="11" initial_width="10" seed="AAATCAAATAA" score_threshold="11.8644" npassing="33" train_pos_count="30" train_neg_count="2" train_log_pvalue="-6.97191" train_pvalue="1.1e-007" train_dtc="-1.0" train_bernoulli="-1" test_pos_count="3" test_neg_count="1" test_log_pvalue="-0.506929" test_pvalue="3.1e-001" test_log_evalue="0.396161" test_evalue="2.5e+000" test_dtc="-1.0" test_bernoulli="-1" is_palindromic="no" elapsed_time="19.8" total_sites="30" site_distr=" 0 1 0 0 0 0 0 0 0 0 0 0 0 0 0 0 1 4 0 0 1 0 2 0 0 0 1 0 0 0 0 1 0 0 1 0 0 0 1 1 1 0 0 1 0 0 1 1 1 0 0 0 2 1 1 0 0 0 0 0 0 0 0 0 0 1 0 0 0 1 0 0 1 0 0 0 0 0 0 1 1 0 0 0 0 0 1 0 1 0" max_sites="2" site_hist=" 0 29 1">
      <pos A="0.839202" C="0.000730284" G="0.0322885" T="0.127779"/>
      <pos A="0.965435" C="0.0322885" G="0.000730284" T="0.00154616"/>
      <pos A="0.996993" C="0.000730284" G="0.000730284" T="0.00154616"/>
      <pos A="0.0646797" C="0.000730284" G="0.0322885" T="0.902302"/>
      <pos A="0.127916" C="0.771356" G="0.0638638" T="0.0368644"/>
      <pos A="0.776069" C="0.0322885" G="0.000730284" T="0.190913"/>
      <pos A="0.920785" C="0.000730284" G="0.0638467" T="0.0146383"/>
      <pos A="0.902302" C="0.000730284" G="0.000730284" T="0.0962379"/>
      <pos A="0.00154616" C="0.000730284" G="0.000730284" T="0.996993"/>
      <pos A="0.839202" C="0.0322885" G="0.000730284" T="0.127779"/>
      <pos A="0.870709" C="0.000730284" G="0.000730284" T="0.12783"/>
    </motif>
  </motifs>
  <reason_for_stopping>Stopped because 3 consecutive motifs exceeded the p-value threshold (0.05).</reason_for_stopping>
  <run_time cpu="24.24"/>
</STREME>
