motif_ID	motif_ALT_ID	motif_P-value	seq_ID	seq_Score	seq_Class	is_holdout?
1-AKTCAAMGN	STREME-1	3.0e-008	279	13.07	tp	0
1-AKTCAAMGN	STREME-1	3.0e-008	189	13.07	tp	0
1-AKTCAAMGN	STREME-1	3.0e-008	541	13.07	tp	0
1-AKTCAAMGN	STREME-1	3.0e-008	257	13.07	tp	0
1-AKTCAAMGN	STREME-1	3.0e-008	208	13.07	tp	0
1-AKTCAAMGN	STREME-1	3.0e-008	578	12.80	tp	0
1-AKTCAAMGN	STREME-1	3.0e-008	235	12.80	tp	0
1-AKTCAAMGN	STREME-1	3.0e-008	206	12.80	tp	0
1-AKTCAAMGN	STREME-1	3.0e-008	154	12.80	tp	0
1-AKTCAAMGN	STREME-1	3.0e-008	817	12.80	tp	0
1-AKTCAAMGN	STREME-1	3.0e-008	254	12.80	fp	0
1-AKTCAAMGN	STREME-1	3.0e-008	204	12.80	tp	1
1-AKTCAAMGN	STREME-1	3.0e-008	212	12.80	tp	1
1-AKTCAAMGN	STREME-1	3.0e-008	809	12.45	tp	0
1-AKTCAAMGN	STREME-1	3.0e-008	433	12.45	tp	0
1-AKTCAAMGN	STREME-1	3.0e-008	918	12.35	tp	0
1-AKTCAAMGN	STREME-1	3.0e-008	219	12.35	tp	0
1-AKTCAAMGN	STREME-1	3.0e-008	414	12.35	tp	0
1-AKTCAAMGN	STREME-1	3.0e-008	150	12.35	tp	0
1-AKTCAAMGN	STREME-1	3.0e-008	594	12.35	tp	0
1-AKTCAAMGN	STREME-1	3.0e-008	861	12.35	tp	0
1-AKTCAAMGN	STREME-1	3.0e-008	195	12.35	tp	0
1-AKTCAAMGN	STREME-1	3.0e-008	430	12.35	tp	0
1-AKTCAAMGN	STREME-1	3.0e-008	680	12.35	tp	0
1-AKTCAAMGN	STREME-1	3.0e-008	925	12.35	tp	1
1-AKTCAAMGN	STREME-1	3.0e-008	442	12.00	tp	0
1-AKTCAAMGN	STREME-1	3.0e-008	939	12.00	tp	0
1-AKTCAAMGN	STREME-1	3.0e-008	507	12.00	tp	0
1-AKTCAAMGN	STREME-1	3.0e-008	859	12.00	fp	0
1-AKTCAAMGN	STREME-1	3.0e-008	830	12.00	fp	0
1-AKTCAAMGN	STREME-1	3.0e-008	488	12.00	tp	1
1-AKTCAAMGN	STREME-1	3.0e-008	857	11.91	tp	0
1-AKTCAAMGN	STREME-1	3.0e-008	112	11.91	tp	0
1-AKTCAAMGN	STREME-1	3.0e-008	570	11.91	tp	0
1-AKTCAAMGN	STREME-1	3.0e-008	802	11.91	tp	0
1-AKTCAAMGN	STREME-1	3.0e-008	748	11.91	tp	0
1-AKTCAAMGN	STREME-1	3.0e-008	410	11.91	fp	0
1-AKTCAAMGN	STREME-1	3.0e-008	842	11.83	tp	0
1-AKTCAAMGN	STREME-1	3.0e-008	496	11.83	tp	0
1-AKTCAAMGN	STREME-1	3.0e-008	322	11.83	tp	0
1-AKTCAAMGN	STREME-1	3.0e-008	254	11.83	tp	0
1-AKTCAAMGN	STREME-1	3.0e-008	385	11.83	tp	0
1-AKTCAAMGN	STREME-1	3.0e-008	707	11.83	tp	0
1-AKTCAAMGN	STREME-1	3.0e-008	832	11.83	tp	0
1-AKTCAAMGN	STREME-1	3.0e-008	747	11.83	fp	0
1-AKTCAAMGN	STREME-1	3.0e-008	148	11.83	fp	0
1-AKTCAAMGN	STREME-1	3.0e-008	924	11.83	fp	1
1-AKTCAAMGN	STREME-1	3.0e-008	687	11.70	tp	0
1-AKTCAAMGN	STREME-1	3.0e-008	50	11.56	tp	0
1-AKTCAAMGN	STREME-1	3.0e-008	721	11.56	tp	0
1-AKTCAAMGN	STREME-1	3.0e-008	470	11.56	tp	0
1-AKTCAAMGN	STREME-1	3.0e-008	369	11.56	fp	0
1-AKTCAAMGN	STREME-1	3.0e-008	81	11.56	tp	0
1-AKTCAAMGN	STREME-1	3.0e-008	720	11.56	tp	0
1-AKTCAAMGN	STREME-1	3.0e-008	571	11.56	tp	0
1-AKTCAAMGN	STREME-1	3.0e-008	726	11.56	tp	0
1-AKTCAAMGN	STREME-1	3.0e-008	519	11.56	tp	0
1-AKTCAAMGN	STREME-1	3.0e-008	210	11.56	tp	0
1-AKTCAAMGN	STREME-1	3.0e-008	304	11.56	fp	0
1-AKTCAAMGN	STREME-1	3.0e-008	536	11.56	tp	1
1-AKTCAAMGN	STREME-1	3.0e-008	148	11.31	tp	0
1-AKTCAAMGN	STREME-1	3.0e-008	391	11.31	tp	0
1-AKTCAAMGN	STREME-1	3.0e-008	446	11.23	tp	0
1-AKTCAAMGN	STREME-1	3.0e-008	396	11.23	tp	0
1-AKTCAAMGN	STREME-1	3.0e-008	816	11.23	tp	0
1-AKTCAAMGN	STREME-1	3.0e-008	438	11.23	tp	0
1-AKTCAAMGN	STREME-1	3.0e-008	22	11.23	tp	0
1-AKTCAAMGN	STREME-1	3.0e-008	330	11.23	tp	0
1-AKTCAAMGN	STREME-1	3.0e-008	428	11.23	tp	0
1-AKTCAAMGN	STREME-1	3.0e-008	621	11.23	fp	0
1-AKTCAAMGN	STREME-1	3.0e-008	695	11.17	tp	0
1-AKTCAAMGN	STREME-1	3.0e-008	836	11.17	tp	0
1-AKTCAAMGN	STREME-1	3.0e-008	3	11.17	tp	0
1-AKTCAAMGN	STREME-1	3.0e-008	701	11.17	fp	0
1-AKTCAAMGN	STREME-1	3.0e-008	415	11.15	tp	0
1-AKTCAAMGN	STREME-1	3.0e-008	140	11.15	tp	0
1-AKTCAAMGN	STREME-1	3.0e-008	16	11.15	fp	0
1-AKTCAAMGN	STREME-1	3.0e-008	93	11.11	tp	0
1-AKTCAAMGN	STREME-1	3.0e-008	801	11.11	tp	0
1-AKTCAAMGN	STREME-1	3.0e-008	596	11.11	tp	0
1-AKTCAAMGN	STREME-1	3.0e-008	831	11.11	tp	0
1-AKTCAAMGN	STREME-1	3.0e-008	466	11.11	tp	0
1-AKTCAAMGN	STREME-1	3.0e-008	542	11.11	tp	0
1-AKTCAAMGN	STREME-1	3.0e-008	436	11.11	tp	0
1-AKTCAAMGN	STREME-1	3.0e-008	129	11.11	tp	0
1-AKTCAAMGN	STREME-1	3.0e-008	456	11.11	tp	0
1-AKTCAAMGN	STREME-1	3.0e-008	422	11.11	tp	0
1-AKTCAAMGN	STREME-1	3.0e-008	420	11.11	tp	0
1-AKTCAAMGN	STREME-1	3.0e-008	734	11.11	tp	0
1-AKTCAAMGN	STREME-1	3.0e-008	318	11.11	tp	0
1-AKTCAAMGN	STREME-1	3.0e-008	228	11.11	tp	0
1-AKTCAAMGN	STREME-1	3.0e-008	397	11.11	tp	1
1-AKTCAAMGN	STREME-1	3.0e-008	46	11.11	tp	1
1-AKTCAAMGN	STREME-1	3.0e-008	76	11.04	tp	0
1-AKTCAAMGN	STREME-1	3.0e-008	270	11.04	tp	0
1-AKTCAAMGN	STREME-1	3.0e-008	419	11.04	tp	0
1-AKTCAAMGN	STREME-1	3.0e-008	937	11.04	tp	1
1-AKTCAAMGN	STREME-1	3.0e-008	74	10.89	tp	0
1-AKTCAAMGN	STREME-1	3.0e-008	423	10.89	tp	0
1-AKTCAAMGN	STREME-1	3.0e-008	146	10.89	tp	0
1-AKTCAAMGN	STREME-1	3.0e-008	200	10.89	tp	0
1-AKTCAAMGN	STREME-1	3.0e-008	101	10.89	tp	0
1-AKTCAAMGN	STREME-1	3.0e-008	621	10.89	tp	0
1-AKTCAAMGN	STREME-1	3.0e-008	6	10.89	fp	0
1-AKTCAAMGN	STREME-1	3.0e-008	600	10.83	tp	0
1-AKTCAAMGN	STREME-1	3.0e-008	91	10.83	tp	0
1-AKTCAAMGN	STREME-1	3.0e-008	584	10.83	tp	0
1-AKTCAAMGN	STREME-1	3.0e-008	8	10.83	tp	0
1-AKTCAAMGN	STREME-1	3.0e-008	82	10.83	fp	0
1-AKTCAAMGN	STREME-1	3.0e-008	459	10.68	tp	0
1-AKTCAAMGN	STREME-1	3.0e-008	240	10.68	tp	0
1-AKTCAAMGN	STREME-1	3.0e-008	143	10.68	tp	0
1-AKTCAAMGN	STREME-1	3.0e-008	262	10.68	tp	0
1-AKTCAAMGN	STREME-1	3.0e-008	9	10.68	tp	0
1-AKTCAAMGN	STREME-1	3.0e-008	835	10.68	tp	0
1-AKTCAAMGN	STREME-1	3.0e-008	716	10.68	fp	0
1-AKTCAAMGN	STREME-1	3.0e-008	267	10.68	tp	1
1-AKTCAAMGN	STREME-1	3.0e-008	70	10.67	tp	0
1-AKTCAAMGN	STREME-1	3.0e-008	153	10.67	tp	0
1-AKTCAAMGN	STREME-1	3.0e-008	719	10.67	tp	0
1-AKTCAAMGN	STREME-1	3.0e-008	663	10.67	tp	0
1-AKTCAAMGN	STREME-1	3.0e-008	455	10.67	tp	0
1-AKTCAAMGN	STREME-1	3.0e-008	293	10.67	tp	0
1-AKTCAAMGN	STREME-1	3.0e-008	928	10.67	tp	0
1-AKTCAAMGN	STREME-1	3.0e-008	650	10.67	tp	0
1-AKTCAAMGN	STREME-1	3.0e-008	340	10.67	tp	0
1-AKTCAAMGN	STREME-1	3.0e-008	894	10.67	tp	0
1-AKTCAAMGN	STREME-1	3.0e-008	278	10.67	tp	0
1-AKTCAAMGN	STREME-1	3.0e-008	838	10.67	fp	0
1-AKTCAAMGN	STREME-1	3.0e-008	784	10.59	tp	0
1-AKTCAAMGN	STREME-1	3.0e-008	292	10.59	tp	0
1-AKTCAAMGN	STREME-1	3.0e-008	112	10.59	fp	0
1-AKTCAAMGN	STREME-1	3.0e-008	614	10.54	tp	0
1-AKTCAAMGN	STREME-1	3.0e-008	413	10.51	tp	0
1-AKTCAAMGN	STREME-1	3.0e-008	138	10.35	tp	0
1-AKTCAAMGN	STREME-1	3.0e-008	135	10.35	fp	0
1-AKTCAAMGN	STREME-1	3.0e-008	17	10.34	tp	0
1-AKTCAAMGN	STREME-1	3.0e-008	703	10.34	tp	0
1-AKTCAAMGN	STREME-1	3.0e-008	10	10.27	tp	0
1-AKTCAAMGN	STREME-1	3.0e-008	672	10.27	tp	0
1-AKTCAAMGN	STREME-1	3.0e-008	933	10.27	tp	0
1-AKTCAAMGN	STREME-1	3.0e-008	120	10.27	tp	0
1-AKTCAAMGN	STREME-1	3.0e-008	256	10.27	tp	0
1-AKTCAAMGN	STREME-1	3.0e-008	839	10.27	tp	0
1-AKTCAAMGN	STREME-1	3.0e-008	370	10.27	tp	0
1-AKTCAAMGN	STREME-1	3.0e-008	2	10.27	tp	0
1-AKTCAAMGN	STREME-1	3.0e-008	713	10.27	tp	0
1-AKTCAAMGN	STREME-1	3.0e-008	258	10.27	tp	0
1-AKTCAAMGN	STREME-1	3.0e-008	643	10.27	tp	0
1-AKTCAAMGN	STREME-1	3.0e-008	342	10.27	tp	0
1-AKTCAAMGN	STREME-1	3.0e-008	97	10.27	tp	0
1-AKTCAAMGN	STREME-1	3.0e-008	604	10.27	tp	0
1-AKTCAAMGN	STREME-1	3.0e-008	308	10.27	tp	0
1-AKTCAAMGN	STREME-1	3.0e-008	754	10.27	tp	0
1-AKTCAAMGN	STREME-1	3.0e-008	662	10.27	tp	0
1-AKTCAAMGN	STREME-1	3.0e-008	344	10.27	tp	0
1-AKTCAAMGN	STREME-1	3.0e-008	325	10.27	tp	0
1-AKTCAAMGN	STREME-1	3.0e-008	539	10.27	tp	0
1-AKTCAAMGN	STREME-1	3.0e-008	900	10.27	tp	0
1-AKTCAAMGN	STREME-1	3.0e-008	465	10.27	tp	0
1-AKTCAAMGN	STREME-1	3.0e-008	517	10.27	tp	0
1-AKTCAAMGN	STREME-1	3.0e-008	134	10.27	tp	0
1-AKTCAAMGN	STREME-1	3.0e-008	875	10.27	tp	0
1-AKTCAAMGN	STREME-1	3.0e-008	315	10.27	tp	0
1-AKTCAAMGN	STREME-1	3.0e-008	158	10.27	tp	0
1-AKTCAAMGN	STREME-1	3.0e-008	212	10.27	fp	0
1-AKTCAAMGN	STREME-1	3.0e-008	158	10.27	fp	0
1-AKTCAAMGN	STREME-1	3.0e-008	662	10.27	fp	0
1-AKTCAAMGN	STREME-1	3.0e-008	307	10.27	fp	0
1-AKTCAAMGN	STREME-1	3.0e-008	310	10.27	fp	0
1-AKTCAAMGN	STREME-1	3.0e-008	414	10.27	fp	0
1-AKTCAAMGN	STREME-1	3.0e-008	207	10.27	tp	1
1-AKTCAAMGN	STREME-1	3.0e-008	735	10.26	tp	0
1-AKTCAAMGN	STREME-1	3.0e-008	360	10.26	fp	1
1-AKTCAAMGN	STREME-1	3.0e-008	378	10.25	tp	0
1-AKTCAAMGN	STREME-1	3.0e-008	66	10.25	tp	0
1-AKTCAAMGN	STREME-1	3.0e-008	559	10.25	tp	0
1-AKTCAAMGN	STREME-1	3.0e-008	17	10.25	fp	0
1-AKTCAAMGN	STREME-1	3.0e-008	161	10.25	fp	0
1-AKTCAAMGN	STREME-1	3.0e-008	41	10.25	tp	1
1-AKTCAAMGN	STREME-1	3.0e-008	279	10.25	fp	1
1-AKTCAAMGN	STREME-1	3.0e-008	111	10.19	tp	0
1-AKTCAAMGN	STREME-1	3.0e-008	821	10.19	tp	0
1-AKTCAAMGN	STREME-1	3.0e-008	302	10.19	tp	0
1-AKTCAAMGN	STREME-1	3.0e-008	105	10.19	tp	0
1-AKTCAAMGN	STREME-1	3.0e-008	897	10.19	tp	0
1-AKTCAAMGN	STREME-1	3.0e-008	388	10.19	tp	0
1-AKTCAAMGN	STREME-1	3.0e-008	855	10.19	tp	0
1-AKTCAAMGN	STREME-1	3.0e-008	683	10.19	tp	0
1-AKTCAAMGN	STREME-1	3.0e-008	316	10.19	tp	0
1-AKTCAAMGN	STREME-1	3.0e-008	848	10.19	tp	0
1-AKTCAAMGN	STREME-1	3.0e-008	335	10.19	tp	0
1-AKTCAAMGN	STREME-1	3.0e-008	202	10.19	tp	0
1-AKTCAAMGN	STREME-1	3.0e-008	196	10.19	tp	0
1-AKTCAAMGN	STREME-1	3.0e-008	895	10.19	fp	0
1-AKTCAAMGN	STREME-1	3.0e-008	462	10.19	fp	0
1-AKTCAAMGN	STREME-1	3.0e-008	772	10.19	fp	0
1-AKTCAAMGN	STREME-1	3.0e-008	811	10.19	fp	0
1-AKTCAAMGN	STREME-1	3.0e-008	256	10.19	fp	0
1-AKTCAAMGN	STREME-1	3.0e-008	413	10.19	fp	0
1-AKTCAAMGN	STREME-1	3.0e-008	780	10.19	fp	0
1-AKTCAAMGN	STREME-1	3.0e-008	363	10.19	fp	0
1-AKTCAAMGN	STREME-1	3.0e-008	103	10.19	fp	0
1-AKTCAAMGN	STREME-1	3.0e-008	869	10.19	fp	0
1-AKTCAAMGN	STREME-1	3.0e-008	341	10.19	tp	0
1-AKTCAAMGN	STREME-1	3.0e-008	911	10.17	fp	0
1-AKTCAAMGN	STREME-1	3.0e-008	807	10.15	tp	0
1-AKTCAAMGN	STREME-1	3.0e-008	746	10.15	tp	0
1-AKTCAAMGN	STREME-1	3.0e-008	475	10.15	fp	0
1-AKTCAAMGN	STREME-1	3.0e-008	725	10.15	fp	0
1-AKTCAAMGN	STREME-1	3.0e-008	225	10.15	fp	0
1-AKTCAAMGN	STREME-1	3.0e-008	268	10.15	tp	0
1-AKTCAAMGN	STREME-1	3.0e-008	366	10.15	tp	0
1-AKTCAAMGN	STREME-1	3.0e-008	747	10.15	tp	0
1-AKTCAAMGN	STREME-1	3.0e-008	484	10.15	tp	0
1-AKTCAAMGN	STREME-1	3.0e-008	386	10.15	tp	0
1-AKTCAAMGN	STREME-1	3.0e-008	237	10.15	fp	0
1-AKTCAAMGN	STREME-1	3.0e-008	133	10.15	fp	1
1-AKTCAAMGN	STREME-1	3.0e-008	368	10.07	tp	0
1-AKTCAAMGN	STREME-1	3.0e-008	264	10.07	tp	0
1-AKTCAAMGN	STREME-1	3.0e-008	181	10.07	tp	0
1-AKTCAAMGN	STREME-1	3.0e-008	331	10.07	tp	0
1-AKTCAAMGN	STREME-1	3.0e-008	479	10.07	fp	0
1-AKTCAAMGN	STREME-1	3.0e-008	591	10.07	tp	1
1-AKTCAAMGN	STREME-1	3.0e-008	350	10.07	tp	1
1-AKTCAAMGN	STREME-1	3.0e-008	692	10.07	tp	1
1-AKTCAAMGN	STREME-1	3.0e-008	156	10.00	tp	0
1-AKTCAAMGN	STREME-1	3.0e-008	769	10.00	tp	0
1-AKTCAAMGN	STREME-1	3.0e-008	480	10.00	tp	0
1-AKTCAAMGN	STREME-1	3.0e-008	6	10.00	tp	0
1-AKTCAAMGN	STREME-1	3.0e-008	936	10.00	tp	0
1-AKTCAAMGN	STREME-1	3.0e-008	347	10.00	tp	0
1-AKTCAAMGN	STREME-1	3.0e-008	926	10.00	tp	0
1-AKTCAAMGN	STREME-1	3.0e-008	11	10.00	tp	0
1-AKTCAAMGN	STREME-1	3.0e-008	573	10.00	tp	0
1-AKTCAAMGN	STREME-1	3.0e-008	467	10.00	fp	0
1-AKTCAAMGN	STREME-1	3.0e-008	666	10.00	fp	0
1-AKTCAAMGN	STREME-1	3.0e-008	634	10.00	tp	1
1-AKTCAAMGN	STREME-1	3.0e-008	241	9.93	tp	0
1-AKTCAAMGN	STREME-1	3.0e-008	144	9.93	tp	0
1-AKTCAAMGN	STREME-1	3.0e-008	929	9.93	tp	0
1-AKTCAAMGN	STREME-1	3.0e-008	286	9.93	tp	0
1-AKTCAAMGN	STREME-1	3.0e-008	80	9.93	tp	0
1-AKTCAAMGN	STREME-1	3.0e-008	912	9.93	tp	0
1-AKTCAAMGN	STREME-1	3.0e-008	348	9.93	tp	0
1-AKTCAAMGN	STREME-1	3.0e-008	136	9.93	fp	0
1-AKTCAAMGN	STREME-1	3.0e-008	844	9.93	tp	0
1-AKTCAAMGN	STREME-1	3.0e-008	19	9.93	tp	0
1-AKTCAAMGN	STREME-1	3.0e-008	840	9.92	tp	0
1-AKTCAAMGN	STREME-1	3.0e-008	499	9.92	tp	0
1-AKTCAAMGN	STREME-1	3.0e-008	170	9.92	tp	0
1-AKTCAAMGN	STREME-1	3.0e-008	84	9.92	tp	0
1-AKTCAAMGN	STREME-1	3.0e-008	345	9.92	tp	0
1-AKTCAAMGN	STREME-1	3.0e-008	843	9.92	tp	0
1-AKTCAAMGN	STREME-1	3.0e-008	518	9.92	tp	0
1-AKTCAAMGN	STREME-1	3.0e-008	265	9.92	tp	0
1-AKTCAAMGN	STREME-1	3.0e-008	91	9.92	fp	0
1-AKTCAAMGN	STREME-1	3.0e-008	674	9.92	fp	0
1-AKTCAAMGN	STREME-1	3.0e-008	30	9.92	tp	1
1-AKTCAAMGN	STREME-1	3.0e-008	222	9.85	tp	0
1-AKTCAAMGN	STREME-1	3.0e-008	938	9.85	tp	0
1-AKTCAAMGN	STREME-1	3.0e-008	868	9.85	tp	0
1-AKTCAAMGN	STREME-1	3.0e-008	739	9.85	tp	0
1-AKTCAAMGN	STREME-1	3.0e-008	891	9.85	tp	0
1-AKTCAAMGN	STREME-1	3.0e-008	790	9.85	tp	0
1-AKTCAAMGN	STREME-1	3.0e-008	178	9.85	tp	0
1-AKTCAAMGN	STREME-1	3.0e-008	215	9.85	tp	0
1-AKTCAAMGN	STREME-1	3.0e-008	736	9.85	tp	0
1-AKTCAAMGN	STREME-1	3.0e-008	744	9.85	tp	1
1-AKTCAAMGN	STREME-1	3.0e-008	478	9.85	tp	1
1-AKTCAAMGN	STREME-1	3.0e-008	733	9.85	tp	1
1-AKTCAAMGN	STREME-1	3.0e-008	338	9.85	fp	1
1-AKTCAAMGN	STREME-1	3.0e-008	744	9.83	fp	0
1-AKTCAAMGN	STREME-1	3.0e-008	47	9.81	tp	0
1-AKTCAAMGN	STREME-1	3.0e-008	890	9.79	tp	0
1-AKTCAAMGN	STREME-1	3.0e-008	45	9.79	tp	0
1-AKTCAAMGN	STREME-1	3.0e-008	896	9.79	tp	0
1-AKTCAAMGN	STREME-1	3.0e-008	95	9.79	tp	0
1-AKTCAAMGN	STREME-1	3.0e-008	236	9.79	fp	0
1-AKTCAAMGN	STREME-1	3.0e-008	759	9.79	fp	0
1-AKTCAAMGN	STREME-1	3.0e-008	131	9.79	tp	1
1-AKTCAAMGN	STREME-1	3.0e-008	216	9.78	tp	0
1-AKTCAAMGN	STREME-1	3.0e-008	171	9.78	tp	0
1-AKTCAAMGN	STREME-1	3.0e-008	529	9.78	tp	0
1-AKTCAAMGN	STREME-1	3.0e-008	248	9.78	tp	0
1-AKTCAAMGN	STREME-1	3.0e-008	815	9.78	tp	0
1-AKTCAAMGN	STREME-1	3.0e-008	544	9.78	tp	0
1-AKTCAAMGN	STREME-1	3.0e-008	326	9.78	tp	0
1-AKTCAAMGN	STREME-1	3.0e-008	574	9.78	tp	0
1-AKTCAAMGN	STREME-1	3.0e-008	489	9.78	fp	0
1-AKTCAAMGN	STREME-1	3.0e-008	595	9.78	fp	0
1-AKTCAAMGN	STREME-1	3.0e-008	918	9.78	fp	0
1-AKTCAAMGN	STREME-1	3.0e-008	332	9.78	fp	0
1-AKTCAAMGN	STREME-1	3.0e-008	851	9.73	tp	0
1-AKTCAAMGN	STREME-1	3.0e-008	641	9.73	tp	0
1-AKTCAAMGN	STREME-1	3.0e-008	120	9.73	fp	0
1-AKTCAAMGN	STREME-1	3.0e-008	408	9.73	tp	1
1-AKTCAAMGN	STREME-1	3.0e-008	521	9.73	tp	1
1-AKTCAAMGN	STREME-1	3.0e-008	619	9.69	tp	0
1-AKTCAAMGN	STREME-1	3.0e-008	524	9.69	tp	0
1-AKTCAAMGN	STREME-1	3.0e-008	623	9.69	tp	0
1-AKTCAAMGN	STREME-1	3.0e-008	905	9.69	fp	0
1-AKTCAAMGN	STREME-1	3.0e-008	337	9.69	fp	0
1-AKTCAAMGN	STREME-1	3.0e-008	817	9.58	fp	1
1-AKTCAAMGN	STREME-1	3.0e-008	935	9.57	tp	0
1-AKTCAAMGN	STREME-1	3.0e-008	497	9.50	tp	0
1-AKTCAAMGN	STREME-1	3.0e-008	183	9.50	tp	0
1-AKTCAAMGN	STREME-1	3.0e-008	921	9.50	tp	0
1-AKTCAAMGN	STREME-1	3.0e-008	920	9.50	tp	0
1-AKTCAAMGN	STREME-1	3.0e-008	932	9.50	tp	0
1-AKTCAAMGN	STREME-1	3.0e-008	363	9.50	tp	0
1-AKTCAAMGN	STREME-1	3.0e-008	680	9.50	fp	0
1-AKTCAAMGN	STREME-1	3.0e-008	679	9.50	fp	1
1-AKTCAAMGN	STREME-1	3.0e-008	914	9.48	fp	0
1-AKTCAAMGN	STREME-1	3.0e-008	480	9.48	fp	1
1-AKTCAAMGN	STREME-1	3.0e-008	382	9.45	tp	0
1-AKTCAAMGN	STREME-1	3.0e-008	752	9.45	tp	0
1-AKTCAAMGN	STREME-1	3.0e-008	863	9.45	tp	0
1-AKTCAAMGN	STREME-1	3.0e-008	445	9.45	tp	1
1-AKTCAAMGN	STREME-1	3.0e-008	53	9.45	tp	1
1-AKTCAAMGN	STREME-1	3.0e-008	799	9.44	tp	0
1-AKTCAAMGN	STREME-1	3.0e-008	337	9.44	tp	0
1-AKTCAAMGN	STREME-1	3.0e-008	888	9.44	tp	0
1-AKTCAAMGN	STREME-1	3.0e-008	756	9.44	tp	0
1-AKTCAAMGN	STREME-1	3.0e-008	587	9.44	tp	0
1-AKTCAAMGN	STREME-1	3.0e-008	519	9.44	fp	0
1-AKTCAAMGN	STREME-1	3.0e-008	45	9.44	fp	0
1-AKTCAAMGN	STREME-1	3.0e-008	485	9.43	tp	0
1-AKTCAAMGN	STREME-1	3.0e-008	710	9.43	tp	0
1-AKTCAAMGN	STREME-1	3.0e-008	787	9.43	tp	0
1-AKTCAAMGN	STREME-1	3.0e-008	582	9.43	tp	0
1-AKTCAAMGN	STREME-1	3.0e-008	291	9.43	tp	0
1-AKTCAAMGN	STREME-1	3.0e-008	351	9.43	tp	1
1-AKTCAAMGN	STREME-1	3.0e-008	805	9.43	tp	1
1-AKTCAAMGN	STREME-1	3.0e-008	124	9.41	tp	0
1-AKTCAAMGN	STREME-1	3.0e-008	28	9.41	fp	0
1-AKTCAAMGN	STREME-1	3.0e-008	336	9.36	tp	0
1-AKTCAAMGN	STREME-1	3.0e-008	239	9.36	fp	0
1-AKTCAAMGN	STREME-1	3.0e-008	755	9.34	tp	0
1-AKTCAAMGN	STREME-1	3.0e-008	89	9.34	tp	0
1-AKTCAAMGN	STREME-1	3.0e-008	854	9.34	tp	0
1-AKTCAAMGN	STREME-1	3.0e-008	850	9.34	fp	0
1-AKTCAAMGN	STREME-1	3.0e-008	3	9.34	fp	0
1-AKTCAAMGN	STREME-1	3.0e-008	792	9.34	fp	0
1-AKTCAAMGN	STREME-1	3.0e-008	734	9.34	fp	0
1-AKTCAAMGN	STREME-1	3.0e-008	568	9.31	tp	0
1-AKTCAAMGN	STREME-1	3.0e-008	782	9.30	tp	0
1-AKTCAAMGN	STREME-1	3.0e-008	708	9.30	fp	0
1-AKTCAAMGN	STREME-1	3.0e-008	509	9.30	fp	0
1-AKTCAAMGN	STREME-1	3.0e-008	362	9.29	tp	0
1-AKTCAAMGN	STREME-1	3.0e-008	100	9.29	tp	0
1-AKTCAAMGN	STREME-1	3.0e-008	731	9.29	tp	0
1-AKTCAAMGN	STREME-1	3.0e-008	283	9.29	tp	0
1-AKTCAAMGN	STREME-1	3.0e-008	820	9.29	fp	0
1-AKTCAAMGN	STREME-1	3.0e-008	250	9.27	tp	0
1-AKTCAAMGN	STREME-1	3.0e-008	909	9.27	fp	1
1-AKTCAAMGN	STREME-1	3.0e-008	741	9.22	tp	0
1-AKTCAAMGN	STREME-1	3.0e-008	34	9.16	tp	0
1-AKTCAAMGN	STREME-1	3.0e-008	509	9.16	tp	0
1-AKTCAAMGN	STREME-1	3.0e-008	323	9.16	fp	0
1-AKTCAAMGN	STREME-1	3.0e-008	659	9.09	tp	0
1-AKTCAAMGN	STREME-1	3.0e-008	52	9.07	tp	0
1-AKTCAAMGN	STREME-1	3.0e-008	515	9.07	tp	0
1-AKTCAAMGN	STREME-1	3.0e-008	661	9.07	tp	0
1-AKTCAAMGN	STREME-1	3.0e-008	688	9.07	tp	0
1-AKTCAAMGN	STREME-1	3.0e-008	796	9.07	tp	0
1-AKTCAAMGN	STREME-1	3.0e-008	117	9.07	tp	0
1-AKTCAAMGN	STREME-1	3.0e-008	712	9.07	tp	0
1-AKTCAAMGN	STREME-1	3.0e-008	501	9.07	tp	0
1-AKTCAAMGN	STREME-1	3.0e-008	588	9.07	tp	0
1-AKTCAAMGN	STREME-1	3.0e-008	221	9.07	tp	0
1-AKTCAAMGN	STREME-1	3.0e-008	501	9.07	fp	0
1-AKTCAAMGN	STREME-1	3.0e-008	459	9.07	fp	0
1-AKTCAAMGN	STREME-1	3.0e-008	365	9.07	fp	0
1-AKTCAAMGN	STREME-1	3.0e-008	487	9.07	tp	1
1-AKTCAAMGN	STREME-1	3.0e-008	909	9.07	tp	1
1-AKTCAAMGN	STREME-1	3.0e-008	104	9.07	fp	1
1-AKTCAAMGN	STREME-1	3.0e-008	917	9.03	tp	0
1-AKTCAAMGN	STREME-1	3.0e-008	405	9.03	tp	0
1-AKTCAAMGN	STREME-1	3.0e-008	696	9.03	tp	0
1-AKTCAAMGN	STREME-1	3.0e-008	411	9.03	tp	0
1-AKTCAAMGN	STREME-1	3.0e-008	879	9.03	tp	0
1-AKTCAAMGN	STREME-1	3.0e-008	289	9.03	tp	0
1-AKTCAAMGN	STREME-1	3.0e-008	852	9.03	tp	0
1-AKTCAAMGN	STREME-1	3.0e-008	121	9.03	tp	0
1-AKTCAAMGN	STREME-1	3.0e-008	704	9.03	tp	0
1-AKTCAAMGN	STREME-1	3.0e-008	772	9.03	tp	0
1-AKTCAAMGN	STREME-1	3.0e-008	188	9.03	tp	0
1-AKTCAAMGN	STREME-1	3.0e-008	187	9.03	tp	0
1-AKTCAAMGN	STREME-1	3.0e-008	404	9.03	tp	0
1-AKTCAAMGN	STREME-1	3.0e-008	194	9.03	tp	0
1-AKTCAAMGN	STREME-1	3.0e-008	60	9.03	tp	0
1-AKTCAAMGN	STREME-1	3.0e-008	244	9.03	tp	0
1-AKTCAAMGN	STREME-1	3.0e-008	243	9.03	tp	0
1-AKTCAAMGN	STREME-1	3.0e-008	827	9.03	tp	0
1-AKTCAAMGN	STREME-1	3.0e-008	606	9.03	tp	0
1-AKTCAAMGN	STREME-1	3.0e-008	82	9.03	tp	0
1-AKTCAAMGN	STREME-1	3.0e-008	595	9.03	tp	0
1-AKTCAAMGN	STREME-1	3.0e-008	528	9.03	fp	0
1-AKTCAAMGN	STREME-1	3.0e-008	428	9.03	fp	0
1-AKTCAAMGN	STREME-1	3.0e-008	654	9.03	fp	0
1-AKTCAAMGN	STREME-1	3.0e-008	262	9.03	fp	0
1-AKTCAAMGN	STREME-1	3.0e-008	722	9.03	fp	0
1-AKTCAAMGN	STREME-1	3.0e-008	198	9.03	tp	1
1-AKTCAAMGN	STREME-1	3.0e-008	223	9.03	tp	1
1-AKTCAAMGN	STREME-1	3.0e-008	471	9.03	tp	1
1-AKTCAAMGN	STREME-1	3.0e-008	54	9.02	fp	0
1-AKTCAAMGN	STREME-1	3.0e-008	881	8.96	tp	0
1-AKTCAAMGN	STREME-1	3.0e-008	269	8.96	tp	0
1-AKTCAAMGN	STREME-1	3.0e-008	545	8.96	tp	0
1-AKTCAAMGN	STREME-1	3.0e-008	592	8.96	tp	0
1-AKTCAAMGN	STREME-1	3.0e-008	668	8.96	tp	0
1-AKTCAAMGN	STREME-1	3.0e-008	108	8.96	tp	0
1-AKTCAAMGN	STREME-1	3.0e-008	615	8.96	tp	0
1-AKTCAAMGN	STREME-1	3.0e-008	834	8.96	tp	0
1-AKTCAAMGN	STREME-1	3.0e-008	830	8.96	tp	0
1-AKTCAAMGN	STREME-1	3.0e-008	261	8.96	tp	0
1-AKTCAAMGN	STREME-1	3.0e-008	883	8.96	tp	0
1-AKTCAAMGN	STREME-1	3.0e-008	678	8.96	tp	0
1-AKTCAAMGN	STREME-1	3.0e-008	742	8.96	tp	0
1-AKTCAAMGN	STREME-1	3.0e-008	899	8.96	tp	0
1-AKTCAAMGN	STREME-1	3.0e-008	295	8.96	tp	0
1-AKTCAAMGN	STREME-1	3.0e-008	70	8.96	fp	0
1-AKTCAAMGN	STREME-1	3.0e-008	318	8.96	fp	0
1-AKTCAAMGN	STREME-1	3.0e-008	143	8.96	fp	1
1-AKTCAAMGN	STREME-1	3.0e-008	709	8.94	tp	0
1-AKTCAAMGN	STREME-1	3.0e-008	655	8.92	tp	0
1-AKTCAAMGN	STREME-1	3.0e-008	85	8.92	tp	0
1-AKTCAAMGN	STREME-1	3.0e-008	252	8.92	tp	0
1-AKTCAAMGN	STREME-1	3.0e-008	762	8.92	tp	0
1-AKTCAAMGN	STREME-1	3.0e-008	488	8.92	fp	0
1-AKTCAAMGN	STREME-1	3.0e-008	910	8.92	fp	0
1-AKTCAAMGN	STREME-1	3.0e-008	476	8.92	tp	1
1-AKTCAAMGN	STREME-1	3.0e-008	489	8.84	tp	0
1-AKTCAAMGN	STREME-1	3.0e-008	127	8.84	tp	0
1-AKTCAAMGN	STREME-1	3.0e-008	185	8.84	tp	0
1-AKTCAAMGN	STREME-1	3.0e-008	287	8.84	tp	0
1-AKTCAAMGN	STREME-1	3.0e-008	664	8.84	tp	0
1-AKTCAAMGN	STREME-1	3.0e-008	486	8.84	tp	0
1-AKTCAAMGN	STREME-1	3.0e-008	591	8.84	fp	0
1-AKTCAAMGN	STREME-1	3.0e-008	928	8.84	fp	0
1-AKTCAAMGN	STREME-1	3.0e-008	641	8.84	fp	0
1-AKTCAAMGN	STREME-1	3.0e-008	537	8.84	tp	1
1-AKTCAAMGN	STREME-1	3.0e-008	303	8.83	tp	0
1-AKTCAAMGN	STREME-1	3.0e-008	581	8.83	tp	0
1-AKTCAAMGN	STREME-1	3.0e-008	535	8.83	tp	0
1-AKTCAAMGN	STREME-1	3.0e-008	179	8.83	tp	0
1-AKTCAAMGN	STREME-1	3.0e-008	193	8.83	tp	0
1-AKTCAAMGN	STREME-1	3.0e-008	355	8.83	tp	0
1-AKTCAAMGN	STREME-1	3.0e-008	288	8.83	tp	0
1-AKTCAAMGN	STREME-1	3.0e-008	292	8.83	fp	0
1-AKTCAAMGN	STREME-1	3.0e-008	822	8.83	fp	0
1-AKTCAAMGN	STREME-1	3.0e-008	53	8.83	fp	0
1-AKTCAAMGN	STREME-1	3.0e-008	865	8.83	fp	0
1-AKTCAAMGN	STREME-1	3.0e-008	327	8.83	tp	1
1-AKTCAAMGN	STREME-1	3.0e-008	152	8.82	tp	0
1-AKTCAAMGN	STREME-1	3.0e-008	432	8.82	tp	0
1-AKTCAAMGN	STREME-1	3.0e-008	328	8.82	fp	0
1-AKTCAAMGN	STREME-1	3.0e-008	566	8.78	fp	0
1-AKTCAAMGN	STREME-1	3.0e-008	891	8.78	fp	0
1-AKTCAAMGN	STREME-1	3.0e-008	79	8.76	tp	0
1-AKTCAAMGN	STREME-1	3.0e-008	109	8.76	fp	0
1-AKTCAAMGN	STREME-1	3.0e-008	736	8.76	fp	0
1-AKTCAAMGN	STREME-1	3.0e-008	782	8.75	fp	0
1-AKTCAAMGN	STREME-1	3.0e-008	418	8.72	tp	0
1-AKTCAAMGN	STREME-1	3.0e-008	691	8.72	tp	0
1-AKTCAAMGN	STREME-1	3.0e-008	859	8.72	tp	0
1-AKTCAAMGN	STREME-1	3.0e-008	314	8.72	tp	0
1-AKTCAAMGN	STREME-1	3.0e-008	383	8.72	tp	0
1-AKTCAAMGN	STREME-1	3.0e-008	190	8.72	tp	0
1-AKTCAAMGN	STREME-1	3.0e-008	750	8.72	tp	0
1-AKTCAAMGN	STREME-1	3.0e-008	402	8.72	tp	0
1-AKTCAAMGN	STREME-1	3.0e-008	124	8.72	fp	0
1-AKTCAAMGN	STREME-1	3.0e-008	424	8.72	fp	0
1-AKTCAAMGN	STREME-1	3.0e-008	205	8.72	fp	0
1-AKTCAAMGN	STREME-1	3.0e-008	605	8.69	tp	0
1-AKTCAAMGN	STREME-1	3.0e-008	795	8.69	tp	0
1-AKTCAAMGN	STREME-1	3.0e-008	913	8.67	tp	0
1-AKTCAAMGN	STREME-1	3.0e-008	902	8.67	tp	0
1-AKTCAAMGN	STREME-1	3.0e-008	436	8.67	fp	0
1-AKTCAAMGN	STREME-1	3.0e-008	392	8.62	tp	0
1-AKTCAAMGN	STREME-1	3.0e-008	627	8.62	tp	0
1-AKTCAAMGN	STREME-1	3.0e-008	702	8.62	tp	0
1-AKTCAAMGN	STREME-1	3.0e-008	679	8.62	tp	0
1-AKTCAAMGN	STREME-1	3.0e-008	32	8.62	tp	0
1-AKTCAAMGN	STREME-1	3.0e-008	281	8.62	fp	0
1-AKTCAAMGN	STREME-1	3.0e-008	627	8.62	fp	0
1-AKTCAAMGN	STREME-1	3.0e-008	2	8.62	fp	0
1-AKTCAAMGN	STREME-1	3.0e-008	378	8.62	fp	0
1-AKTCAAMGN	STREME-1	3.0e-008	266	8.55	tp	0
1-AKTCAAMGN	STREME-1	3.0e-008	525	8.55	tp	0
1-AKTCAAMGN	STREME-1	3.0e-008	255	8.55	tp	0
1-AKTCAAMGN	STREME-1	3.0e-008	845	8.55	tp	0
1-AKTCAAMGN	STREME-1	3.0e-008	367	8.55	tp	0
1-AKTCAAMGN	STREME-1	3.0e-008	369	8.55	tp	0
1-AKTCAAMGN	STREME-1	3.0e-008	838	8.55	tp	0
1-AKTCAAMGN	STREME-1	3.0e-008	153	8.55	fp	0
1-AKTCAAMGN	STREME-1	3.0e-008	531	8.55	fp	0
1-AKTCAAMGN	STREME-1	3.0e-008	635	8.55	fp	0
1-AKTCAAMGN	STREME-1	3.0e-008	846	8.55	fp	0
1-AKTCAAMGN	STREME-1	3.0e-008	559	8.55	fp	0
1-AKTCAAMGN	STREME-1	3.0e-008	549	8.55	fp	1
1-AKTCAAMGN	STREME-1	3.0e-008	4	8.55	fp	1
1-AKTCAAMGN	STREME-1	3.0e-008	676	8.54	tp	0
1-AKTCAAMGN	STREME-1	3.0e-008	910	8.54	tp	0
1-AKTCAAMGN	STREME-1	3.0e-008	579	8.54	tp	0
1-AKTCAAMGN	STREME-1	3.0e-008	54	8.54	tp	0
1-AKTCAAMGN	STREME-1	3.0e-008	723	8.54	tp	0
1-AKTCAAMGN	STREME-1	3.0e-008	491	8.54	tp	0
1-AKTCAAMGN	STREME-1	3.0e-008	658	8.54	tp	0
1-AKTCAAMGN	STREME-1	3.0e-008	685	8.54	tp	0
1-AKTCAAMGN	STREME-1	3.0e-008	546	8.54	fp	0
1-AKTCAAMGN	STREME-1	3.0e-008	484	8.54	fp	0
1-AKTCAAMGN	STREME-1	3.0e-008	853	8.54	fp	0
1-AKTCAAMGN	STREME-1	3.0e-008	324	8.54	tp	1
1-AKTCAAMGN	STREME-1	3.0e-008	205	8.54	tp	1
1-AKTCAAMGN	STREME-1	3.0e-008	804	8.54	tp	1
1-AKTCAAMGN	STREME-1	3.0e-008	924	8.54	tp	1
1-AKTCAAMGN	STREME-1	3.0e-008	492	8.51	tp	0
1-AKTCAAMGN	STREME-1	3.0e-008	236	8.51	tp	0
1-AKTCAAMGN	STREME-1	3.0e-008	865	8.51	tp	0
1-AKTCAAMGN	STREME-1	3.0e-008	914	8.51	tp	0
1-AKTCAAMGN	STREME-1	3.0e-008	500	8.51	tp	0
1-AKTCAAMGN	STREME-1	3.0e-008	95	8.51	fp	0
1-AKTCAAMGN	STREME-1	3.0e-008	581	8.51	fp	0
1-AKTCAAMGN	STREME-1	3.0e-008	579	8.50	fp	0
1-AKTCAAMGN	STREME-1	3.0e-008	400	8.49	tp	0
1-AKTCAAMGN	STREME-1	3.0e-008	323	8.49	tp	0
1-AKTCAAMGN	STREME-1	3.0e-008	354	8.49	tp	0
1-AKTCAAMGN	STREME-1	3.0e-008	721	8.49	fp	0
1-AKTCAAMGN	STREME-1	3.0e-008	439	8.49	tp	1
1-AKTCAAMGN	STREME-1	3.0e-008	338	8.46	tp	0
1-AKTCAAMGN	STREME-1	3.0e-008	387	8.46	tp	0
1-AKTCAAMGN	STREME-1	3.0e-008	612	8.46	tp	0
1-AKTCAAMGN	STREME-1	3.0e-008	147	8.46	tp	0
1-AKTCAAMGN	STREME-1	3.0e-008	246	8.46	tp	0
1-AKTCAAMGN	STREME-1	3.0e-008	761	8.46	tp	0
1-AKTCAAMGN	STREME-1	3.0e-008	397	8.46	fp	0
1-AKTCAAMGN	STREME-1	3.0e-008	73	8.46	fp	1
1-AKTCAAMGN	STREME-1	3.0e-008	580	8.45	tp	0
1-AKTCAAMGN	STREME-1	3.0e-008	599	8.45	tp	0
1-AKTCAAMGN	STREME-1	3.0e-008	234	8.45	tp	0
1-AKTCAAMGN	STREME-1	3.0e-008	792	8.45	tp	0
1-AKTCAAMGN	STREME-1	3.0e-008	783	8.45	tp	0
1-AKTCAAMGN	STREME-1	3.0e-008	298	8.45	tp	0
1-AKTCAAMGN	STREME-1	3.0e-008	83	8.45	fp	0
1-AKTCAAMGN	STREME-1	3.0e-008	823	8.45	fp	0
1-AKTCAAMGN	STREME-1	3.0e-008	182	8.45	tp	1
1-AKTCAAMGN	STREME-1	3.0e-008	803	8.44	fp	0
1-AKTCAAMGN	STREME-1	3.0e-008	340	8.44	fp	0
1-AKTCAAMGN	STREME-1	3.0e-008	199	8.44	fp	0
1-AKTCAAMGN	STREME-1	3.0e-008	790	8.44	fp	0
1-AKTCAAMGN	STREME-1	3.0e-008	900	8.44	fp	1
1-AKTCAAMGN	STREME-1	3.0e-008	162	8.40	tp	0
1-AKTCAAMGN	STREME-1	3.0e-008	930	8.40	fp	0
1-AKTCAAMGN	STREME-1	3.0e-008	446	8.40	fp	0
1-AKTCAAMGN	STREME-1	3.0e-008	727	8.39	tp	0
1-AKTCAAMGN	STREME-1	3.0e-008	86	8.33	tp	0
1-AKTCAAMGN	STREME-1	3.0e-008	479	8.32	tp	0
1-AKTCAAMGN	STREME-1	3.0e-008	729	8.32	tp	0
1-AKTCAAMGN	STREME-1	3.0e-008	374	8.31	tp	0
1-AKTCAAMGN	STREME-1	3.0e-008	367	8.31	fp	0
1-AKTCAAMGN	STREME-1	3.0e-008	417	8.31	tp	0
1-AKTCAAMGN	STREME-1	3.0e-008	911	8.28	tp	0
1-AKTCAAMGN	STREME-1	3.0e-008	576	8.26	tp	0
1-AKTCAAMGN	STREME-1	3.0e-008	791	8.23	tp	0
1-AKTCAAMGN	STREME-1	3.0e-008	689	8.23	tp	0
1-AKTCAAMGN	STREME-1	3.0e-008	1	8.23	tp	0
1-AKTCAAMGN	STREME-1	3.0e-008	608	8.23	tp	0
1-AKTCAAMGN	STREME-1	3.0e-008	793	8.23	tp	0
1-AKTCAAMGN	STREME-1	3.0e-008	251	8.23	fp	0
1-AKTCAAMGN	STREME-1	3.0e-008	372	8.23	fp	0
1-AKTCAAMGN	STREME-1	3.0e-008	614	8.23	fp	0
1-AKTCAAMGN	STREME-1	3.0e-008	788	8.23	tp	1
1-AKTCAAMGN	STREME-1	3.0e-008	110	8.21	tp	0
1-AKTCAAMGN	STREME-1	3.0e-008	826	8.21	tp	0
1-AKTCAAMGN	STREME-1	3.0e-008	393	8.21	tp	0
1-AKTCAAMGN	STREME-1	3.0e-008	620	8.21	tp	0
1-AKTCAAMGN	STREME-1	3.0e-008	145	8.21	tp	0
1-AKTCAAMGN	STREME-1	3.0e-008	567	8.21	tp	0
1-AKTCAAMGN	STREME-1	3.0e-008	803	8.21	tp	0
1-AKTCAAMGN	STREME-1	3.0e-008	426	8.21	tp	0
1-AKTCAAMGN	STREME-1	3.0e-008	368	8.21	fp	0
1-AKTCAAMGN	STREME-1	3.0e-008	383	8.21	fp	0
1-AKTCAAMGN	STREME-1	3.0e-008	264	8.21	fp	0
1-AKTCAAMGN	STREME-1	3.0e-008	177	8.21	fp	0
1-AKTCAAMGN	STREME-1	3.0e-008	470	8.21	fp	0
1-AKTCAAMGN	STREME-1	3.0e-008	699	8.20	tp	0
1-AKTCAAMGN	STREME-1	3.0e-008	764	8.20	tp	0
1-AKTCAAMGN	STREME-1	3.0e-008	164	8.20	tp	0
1-AKTCAAMGN	STREME-1	3.0e-008	98	8.20	tp	0
1-AKTCAAMGN	STREME-1	3.0e-008	560	8.20	tp	0
1-AKTCAAMGN	STREME-1	3.0e-008	250	8.20	fp	0
1-AKTCAAMGN	STREME-1	3.0e-008	310	8.20	tp	1
1-AKTCAAMGN	STREME-1	3.0e-008	147	8.12	fp	0
1-AKTCAAMGN	STREME-1	3.0e-008	361	8.11	tp	0
1-AKTCAAMGN	STREME-1	3.0e-008	523	8.11	tp	0
1-AKTCAAMGN	STREME-1	3.0e-008	481	8.11	tp	0
1-AKTCAAMGN	STREME-1	3.0e-008	249	8.11	tp	0
1-AKTCAAMGN	STREME-1	3.0e-008	352	8.11	tp	0
1-AKTCAAMGN	STREME-1	3.0e-008	133	8.11	tp	0
1-AKTCAAMGN	STREME-1	3.0e-008	73	8.10	tp	0
1-AKTCAAMGN	STREME-1	3.0e-008	461	8.10	tp	0
1-AKTCAAMGN	STREME-1	3.0e-008	737	8.10	tp	0
1-AKTCAAMGN	STREME-1	3.0e-008	690	8.10	tp	0
1-AKTCAAMGN	STREME-1	3.0e-008	864	8.10	tp	0
1-AKTCAAMGN	STREME-1	3.0e-008	224	8.10	tp	0
1-AKTCAAMGN	STREME-1	3.0e-008	225	8.10	tp	0
1-AKTCAAMGN	STREME-1	3.0e-008	718	8.10	tp	0
1-AKTCAAMGN	STREME-1	3.0e-008	822	8.10	tp	0
1-AKTCAAMGN	STREME-1	3.0e-008	674	8.10	tp	0
1-AKTCAAMGN	STREME-1	3.0e-008	47	8.10	fp	0
1-AKTCAAMGN	STREME-1	3.0e-008	275	8.10	fp	0
1-AKTCAAMGN	STREME-1	3.0e-008	794	8.10	fp	0
1-AKTCAAMGN	STREME-1	3.0e-008	527	8.10	tp	1
1-AKTCAAMGN	STREME-1	3.0e-008	106	8.10	tp	1
1-AKTCAAMGN	STREME-1	3.0e-008	56	8.10	tp	1
1-AKTCAAMGN	STREME-1	3.0e-008	55	8.10	fp	1
1-AKTCAAMGN	STREME-1	3.0e-008	940	8.10	tp	0
1-AKTCAAMGN	STREME-1	3.0e-008	653	8.10	tp	0
1-AKTCAAMGN	STREME-1	3.0e-008	597	8.08	tp	0
1-AKTCAAMGN	STREME-1	3.0e-008	332	8.08	tp	0
1-AKTCAAMGN	STREME-1	3.0e-008	57	8.08	tp	0
1-AKTCAAMGN	STREME-1	3.0e-008	161	8.08	tp	0
1-AKTCAAMGN	STREME-1	3.0e-008	548	8.08	tp	0
1-AKTCAAMGN	STREME-1	3.0e-008	667	8.08	tp	0
1-AKTCAAMGN	STREME-1	3.0e-008	48	8.08	tp	0
1-AKTCAAMGN	STREME-1	3.0e-008	157	8.08	tp	0
1-AKTCAAMGN	STREME-1	3.0e-008	535	8.08	fp	0
1-AKTCAAMGN	STREME-1	3.0e-008	219	8.08	fp	0
1-AKTCAAMGN	STREME-1	3.0e-008	131	8.08	fp	0
1-AKTCAAMGN	STREME-1	3.0e-008	229	8.08	fp	0
1-AKTCAAMGN	STREME-1	3.0e-008	15	8.08	fp	0
1-AKTCAAMGN	STREME-1	3.0e-008	935	8.08	fp	1
1-AKTCAAMGN	STREME-1	3.0e-008	610	8.05	tp	0
1-AKTCAAMGN	STREME-1	3.0e-008	163	8.05	tp	0
1-AKTCAAMGN	STREME-1	3.0e-008	146	8.05	fp	0
1-AKTCAAMGN	STREME-1	3.0e-008	245	8.05	fp	0
1-AKTCAAMGN	STREME-1	3.0e-008	410	8.04	tp	0
1-AKTCAAMGN	STREME-1	3.0e-008	263	8.03	tp	0
1-AKTCAAMGN	STREME-1	3.0e-008	740	8.03	tp	0
1-AKTCAAMGN	STREME-1	3.0e-008	738	8.03	tp	0
1-AKTCAAMGN	STREME-1	3.0e-008	350	8.03	fp	0
1-AKTCAAMGN	STREME-1	3.0e-008	394	8.02	tp	0
1-AKTCAAMGN	STREME-1	3.0e-008	74	8.02	fp	0
1-AKTCAAMGN	STREME-1	3.0e-008	773	7.98	tp	0
1-AKTCAAMGN	STREME-1	3.0e-008	808	7.93	tp	0
1-AKTCAAMGN	STREME-1	3.0e-008	333	7.93	fp	0
1-AKTCAAMGN	STREME-1	3.0e-008	272	7.92	tp	0
1-AKTCAAMGN	STREME-1	3.0e-008	21	7.92	tp	0
1-AKTCAAMGN	STREME-1	3.0e-008	749	7.92	tp	0
1-AKTCAAMGN	STREME-1	3.0e-008	642	7.92	tp	0
1-AKTCAAMGN	STREME-1	3.0e-008	506	7.92	tp	0
1-AKTCAAMGN	STREME-1	3.0e-008	724	7.92	tp	0
1-AKTCAAMGN	STREME-1	3.0e-008	904	7.92	tp	0
1-AKTCAAMGN	STREME-1	3.0e-008	586	7.92	tp	0
1-AKTCAAMGN	STREME-1	3.0e-008	164	7.92	fp	0
1-AKTCAAMGN	STREME-1	3.0e-008	110	7.92	fp	0
1-AKTCAAMGN	STREME-1	3.0e-008	490	7.92	fp	0
1-AKTCAAMGN	STREME-1	3.0e-008	141	7.89	tp	0
1-AKTCAAMGN	STREME-1	3.0e-008	16	7.89	tp	0
1-AKTCAAMGN	STREME-1	3.0e-008	440	7.89	tp	0
1-AKTCAAMGN	STREME-1	3.0e-008	90	7.89	tp	0
1-AKTCAAMGN	STREME-1	3.0e-008	893	7.89	fp	0
1-AKTCAAMGN	STREME-1	3.0e-008	917	7.89	fp	0
1-AKTCAAMGN	STREME-1	3.0e-008	398	7.87	tp	0
1-AKTCAAMGN	STREME-1	3.0e-008	59	7.87	tp	0
1-AKTCAAMGN	STREME-1	3.0e-008	321	7.87	fp	0
1-AKTCAAMGN	STREME-1	3.0e-008	927	7.87	tp	1
1-AKTCAAMGN	STREME-1	3.0e-008	40	7.87	tp	0
1-AKTCAAMGN	STREME-1	3.0e-008	498	7.87	tp	0
1-AKTCAAMGN	STREME-1	3.0e-008	648	7.87	tp	0
1-AKTCAAMGN	STREME-1	3.0e-008	546	7.87	tp	0
1-AKTCAAMGN	STREME-1	3.0e-008	475	7.87	tp	0
1-AKTCAAMGN	STREME-1	3.0e-008	391	7.87	fp	0
1-AKTCAAMGN	STREME-1	3.0e-008	235	7.87	fp	0
1-AKTCAAMGN	STREME-1	3.0e-008	805	7.87	fp	0
1-AKTCAAMGN	STREME-1	3.0e-008	276	7.87	fp	0
1-AKTCAAMGN	STREME-1	3.0e-008	835	7.87	fp	0
1-AKTCAAMGN	STREME-1	3.0e-008	15	7.87	tp	1
1-AKTCAAMGN	STREME-1	3.0e-008	290	7.87	tp	1
1-AKTCAAMGN	STREME-1	3.0e-008	375	7.86	tp	0
1-AKTCAAMGN	STREME-1	3.0e-008	532	7.86	tp	0
1-AKTCAAMGN	STREME-1	3.0e-008	247	7.86	tp	0
1-AKTCAAMGN	STREME-1	3.0e-008	349	7.86	tp	1
1-AKTCAAMGN	STREME-1	3.0e-008	829	7.86	tp	1
1-AKTCAAMGN	STREME-1	3.0e-008	412	7.84	tp	0
1-AKTCAAMGN	STREME-1	3.0e-008	371	7.84	tp	0
1-AKTCAAMGN	STREME-1	3.0e-008	275	7.84	tp	0
1-AKTCAAMGN	STREME-1	3.0e-008	494	7.84	tp	0
1-AKTCAAMGN	STREME-1	3.0e-008	629	7.84	tp	0
1-AKTCAAMGN	STREME-1	3.0e-008	166	7.84	tp	0
1-AKTCAAMGN	STREME-1	3.0e-008	452	7.84	tp	0
1-AKTCAAMGN	STREME-1	3.0e-008	678	7.84	fp	0
1-AKTCAAMGN	STREME-1	3.0e-008	252	7.84	fp	0
1-AKTCAAMGN	STREME-1	3.0e-008	903	7.84	fp	0
1-AKTCAAMGN	STREME-1	3.0e-008	296	7.84	fp	1
1-AKTCAAMGN	STREME-1	3.0e-008	242	7.83	tp	0
1-AKTCAAMGN	STREME-1	3.0e-008	20	7.83	tp	0
1-AKTCAAMGN	STREME-1	3.0e-008	760	7.83	tp	0
1-AKTCAAMGN	STREME-1	3.0e-008	301	7.83	tp	0
1-AKTCAAMGN	STREME-1	3.0e-008	192	7.83	tp	0
1-AKTCAAMGN	STREME-1	3.0e-008	513	7.83	tp	0
1-AKTCAAMGN	STREME-1	3.0e-008	96	7.83	tp	0
1-AKTCAAMGN	STREME-1	3.0e-008	908	7.83	tp	0
1-AKTCAAMGN	STREME-1	3.0e-008	930	7.83	tp	0
1-AKTCAAMGN	STREME-1	3.0e-008	186	7.83	tp	0
1-AKTCAAMGN	STREME-1	3.0e-008	454	7.83	tp	0
1-AKTCAAMGN	STREME-1	3.0e-008	661	7.83	fp	0
1-AKTCAAMGN	STREME-1	3.0e-008	814	7.83	fp	0
1-AKTCAAMGN	STREME-1	3.0e-008	46	7.83	fp	0
1-AKTCAAMGN	STREME-1	3.0e-008	565	7.83	fp	0
1-AKTCAAMGN	STREME-1	3.0e-008	648	7.83	fp	0
1-AKTCAAMGN	STREME-1	3.0e-008	766	7.83	tp	1
1-AKTCAAMGN	STREME-1	3.0e-008	209	7.83	tp	1
1-AKTCAAMGN	STREME-1	3.0e-008	609	7.83	tp	1
1-AKTCAAMGN	STREME-1	3.0e-008	919	7.83	tp	1
1-AKTCAAMGN	STREME-1	3.0e-008	684	7.82	tp	0
1-AKTCAAMGN	STREME-1	3.0e-008	880	7.82	tp	0
1-AKTCAAMGN	STREME-1	3.0e-008	80	7.82	fp	0
1-AKTCAAMGN	STREME-1	3.0e-008	78	7.79	fp	0
1-AKTCAAMGN	STREME-1	3.0e-008	135	7.77	tp	0
1-AKTCAAMGN	STREME-1	3.0e-008	453	7.75	tp	0
1-AKTCAAMGN	STREME-1	3.0e-008	884	7.75	tp	0
1-AKTCAAMGN	STREME-1	3.0e-008	566	7.75	tp	0
1-AKTCAAMGN	STREME-1	3.0e-008	797	7.75	tp	0
1-AKTCAAMGN	STREME-1	3.0e-008	716	7.75	tp	0
1-AKTCAAMGN	STREME-1	3.0e-008	530	7.75	tp	0
1-AKTCAAMGN	STREME-1	3.0e-008	48	7.75	fp	0
1-AKTCAAMGN	STREME-1	3.0e-008	241	7.75	fp	1
1-AKTCAAMGN	STREME-1	3.0e-008	473	7.74	fp	0
1-AKTCAAMGN	STREME-1	3.0e-008	856	7.73	tp	0
1-AKTCAAMGN	STREME-1	3.0e-008	356	7.73	tp	0
1-AKTCAAMGN	STREME-1	3.0e-008	364	7.73	tp	0
1-AKTCAAMGN	STREME-1	3.0e-008	441	7.73	tp	0
1-AKTCAAMGN	STREME-1	3.0e-008	306	7.73	tp	0
1-AKTCAAMGN	STREME-1	3.0e-008	101	7.73	fp	0
1-AKTCAAMGN	STREME-1	3.0e-008	487	7.73	fp	0
1-AKTCAAMGN	STREME-1	3.0e-008	403	7.73	fp	0
1-AKTCAAMGN	STREME-1	3.0e-008	159	7.60	fp	0
1-AKTCAAMGN	STREME-1	3.0e-008	812	7.60	tp	0
1-AKTCAAMGN	STREME-1	3.0e-008	873	7.60	tp	0
1-AKTCAAMGN	STREME-1	3.0e-008	12	7.60	tp	0
1-AKTCAAMGN	STREME-1	3.0e-008	365	7.60	tp	0
1-AKTCAAMGN	STREME-1	3.0e-008	307	7.60	tp	0
1-AKTCAAMGN	STREME-1	3.0e-008	565	7.60	tp	0
1-AKTCAAMGN	STREME-1	3.0e-008	495	7.60	tp	0
1-AKTCAAMGN	STREME-1	3.0e-008	639	7.60	fp	0
1-AKTCAAMGN	STREME-1	3.0e-008	550	7.60	fp	0
1-AKTCAAMGN	STREME-1	3.0e-008	238	7.60	fp	0
1-AKTCAAMGN	STREME-1	3.0e-008	67	7.60	tp	1
1-AKTCAAMGN	STREME-1	3.0e-008	640	7.60	tp	1
1-AKTCAAMGN	STREME-1	3.0e-008	439	7.60	fp	1
1-AKTCAAMGN	STREME-1	3.0e-008	4	7.59	tp	0
1-AKTCAAMGN	STREME-1	3.0e-008	516	7.59	tp	0
1-AKTCAAMGN	STREME-1	3.0e-008	853	7.59	tp	0
1-AKTCAAMGN	STREME-1	3.0e-008	573	7.59	fp	0
1-AKTCAAMGN	STREME-1	3.0e-008	97	7.59	fp	0
1-AKTCAAMGN	STREME-1	3.0e-008	811	7.58	tp	0
1-AKTCAAMGN	STREME-1	3.0e-008	490	7.58	tp	0
1-AKTCAAMGN	STREME-1	3.0e-008	628	7.58	tp	0
1-AKTCAAMGN	STREME-1	3.0e-008	578	7.58	fp	0
1-AKTCAAMGN	STREME-1	3.0e-008	556	7.53	tp	0
1-AKTCAAMGN	STREME-1	3.0e-008	380	7.49	tp	0
1-AKTCAAMGN	STREME-1	3.0e-008	572	7.49	tp	0
1-AKTCAAMGN	STREME-1	3.0e-008	343	7.49	tp	0
1-AKTCAAMGN	STREME-1	3.0e-008	269	7.49	fp	0
1-AKTCAAMGN	STREME-1	3.0e-008	273	7.49	tp	1
1-AKTCAAMGN	STREME-1	3.0e-008	260	7.49	tp	1
1-AKTCAAMGN	STREME-1	3.0e-008	873	7.48	fp	1
1-AKTCAAMGN	STREME-1	3.0e-008	103	7.44	tp	0
1-AKTCAAMGN	STREME-1	3.0e-008	237	7.43	tp	0
1-AKTCAAMGN	STREME-1	3.0e-008	550	7.43	tp	0
1-AKTCAAMGN	STREME-1	3.0e-008	199	7.43	tp	0
1-AKTCAAMGN	STREME-1	3.0e-008	569	7.43	tp	0
1-AKTCAAMGN	STREME-1	3.0e-008	242	7.43	fp	0
1-AKTCAAMGN	STREME-1	3.0e-008	278	7.43	fp	0
#
2-ATTCAAACWTT	STREME-2	1.4e-002	771	15.71	tp	0
2-ATTCAAACWTT	STREME-2	1.4e-002	791	15.71	fp	0
2-ATTCAAACWTT	STREME-2	1.4e-002	332	15.09	tp	0
2-ATTCAAACWTT	STREME-2	1.4e-002	870	15.09	tp	0
2-ATTCAAACWTT	STREME-2	1.4e-002	330	15.09	tp	0
2-ATTCAAACWTT	STREME-2	1.4e-002	608	15.09	tp	0
2-ATTCAAACWTT	STREME-2	1.4e-002	867	15.09	tp	0
2-ATTCAAACWTT	STREME-2	1.4e-002	460	15.09	tp	0
2-ATTCAAACWTT	STREME-2	1.4e-002	573	15.09	tp	0
2-ATTCAAACWTT	STREME-2	1.4e-002	432	15.09	tp	0
2-ATTCAAACWTT	STREME-2	1.4e-002	44	15.09	tp	1
2-ATTCAAACWTT	STREME-2	1.4e-002	161	13.95	tp	0
2-ATTCAAACWTT	STREME-2	1.4e-002	532	13.95	tp	0
2-ATTCAAACWTT	STREME-2	1.4e-002	781	13.88	tp	0
2-ATTCAAACWTT	STREME-2	1.4e-002	547	13.33	tp	0
2-ATTCAAACWTT	STREME-2	1.4e-002	597	13.33	tp	0
2-ATTCAAACWTT	STREME-2	1.4e-002	41	13.33	tp	1
2-ATTCAAACWTT	STREME-2	1.4e-002	743	13.33	tp	0
2-ATTCAAACWTT	STREME-2	1.4e-002	19	13.33	tp	0
2-ATTCAAACWTT	STREME-2	1.4e-002	890	13.05	tp	0
2-ATTCAAACWTT	STREME-2	1.4e-002	639	13.05	tp	0
2-ATTCAAACWTT	STREME-2	1.4e-002	681	13.01	tp	0
2-ATTCAAACWTT	STREME-2	1.4e-002	850	13.01	tp	0
2-ATTCAAACWTT	STREME-2	1.4e-002	263	13.01	fp	0
2-ATTCAAACWTT	STREME-2	1.4e-002	897	12.99	tp	0
2-ATTCAAACWTT	STREME-2	1.4e-002	135	12.99	tp	0
2-ATTCAAACWTT	STREME-2	1.4e-002	191	12.99	tp	0
2-ATTCAAACWTT	STREME-2	1.4e-002	597	12.99	fp	0
2-ATTCAAACWTT	STREME-2	1.4e-002	72	12.93	tp	0
2-ATTCAAACWTT	STREME-2	1.4e-002	875	12.93	tp	0
2-ATTCAAACWTT	STREME-2	1.4e-002	653	12.93	tp	0
2-ATTCAAACWTT	STREME-2	1.4e-002	323	12.68	tp	0
2-ATTCAAACWTT	STREME-2	1.4e-002	649	12.62	tp	0
2-ATTCAAACWTT	STREME-2	1.4e-002	104	12.62	tp	0
2-ATTCAAACWTT	STREME-2	1.4e-002	412	12.62	tp	0
2-ATTCAAACWTT	STREME-2	1.4e-002	1	12.62	tp	0
2-ATTCAAACWTT	STREME-2	1.4e-002	798	12.62	fp	0
2-ATTCAAACWTT	STREME-2	1.4e-002	813	12.47	tp	0
2-ATTCAAACWTT	STREME-2	1.4e-002	74	12.44	tp	0
2-ATTCAAACWTT	STREME-2	1.4e-002	485	12.21	tp	0
2-ATTCAAACWTT	STREME-2	1.4e-002	136	12.21	tp	0
2-ATTCAAACWTT	STREME-2	1.4e-002	353	12.18	tp	0
2-ATTCAAACWTT	STREME-2	1.4e-002	572	12.12	tp	0
2-ATTCAAACWTT	STREME-2	1.4e-002	422	12.12	fp	0
2-ATTCAAACWTT	STREME-2	1.4e-002	803	12.09	tp	0
2-ATTCAAACWTT	STREME-2	1.4e-002	92	12.09	fp	0
2-ATTCAAACWTT	STREME-2	1.4e-002	632	11.80	tp	0
2-ATTCAAACWTT	STREME-2	1.4e-002	111	11.59	tp	0
2-ATTCAAACWTT	STREME-2	1.4e-002	628	11.59	tp	0
2-ATTCAAACWTT	STREME-2	1.4e-002	583	11.59	tp	1
2-ATTCAAACWTT	STREME-2	1.4e-002	46	11.29	tp	1
2-ATTCAAACWTT	STREME-2	1.4e-002	395	11.25	tp	0
2-ATTCAAACWTT	STREME-2	1.4e-002	820	11.17	tp	1
2-ATTCAAACWTT	STREME-2	1.4e-002	188	10.92	tp	0
2-ATTCAAACWTT	STREME-2	1.4e-002	839	10.87	tp	0
2-ATTCAAACWTT	STREME-2	1.4e-002	809	10.86	tp	0
2-ATTCAAACWTT	STREME-2	1.4e-002	83	10.86	fp	0
2-ATTCAAACWTT	STREME-2	1.4e-002	92	10.64	tp	0
2-ATTCAAACWTT	STREME-2	1.4e-002	903	10.58	fp	0
2-ATTCAAACWTT	STREME-2	1.4e-002	501	10.52	tp	0
2-ATTCAAACWTT	STREME-2	1.4e-002	281	10.52	tp	1
2-ATTCAAACWTT	STREME-2	1.4e-002	40	10.36	tp	0
2-ATTCAAACWTT	STREME-2	1.4e-002	407	10.34	tp	0
2-ATTCAAACWTT	STREME-2	1.4e-002	689	10.34	tp	0
#
3-ATTATCCTCA	STREME-3	3.0e-002	373	16.93	tp	0
3-ATTATCCTCA	STREME-3	3.0e-002	810	16.93	fp	0
3-ATTATCCTCA	STREME-3	3.0e-002	804	15.30	tp	1
3-ATTATCCTCA	STREME-3	3.0e-002	711	14.38	tp	0
3-ATTATCCTCA	STREME-3	3.0e-002	920	14.15	tp	0
3-ATTATCCTCA	STREME-3	3.0e-002	683	12.81	tp	0
3-ATTATCCTCA	STREME-3	3.0e-002	233	12.56	tp	0
3-ATTATCCTCA	STREME-3	3.0e-002	177	12.09	tp	0
3-ATTATCCTCA	STREME-3	3.0e-002	51	11.70	tp	0
3-ATTATCCTCA	STREME-3	3.0e-002	648	11.70	tp	0
3-ATTATCCTCA	STREME-3	3.0e-002	462	11.70	tp	0
3-ATTATCCTCA	STREME-3	3.0e-002	577	11.54	fp	0
3-ATTATCCTCA	STREME-3	3.0e-002	385	11.51	fp	0
3-ATTATCCTCA	STREME-3	3.0e-002	93	11.50	tp	0
3-ATTATCCTCA	STREME-3	3.0e-002	913	11.50	tp	0
3-ATTATCCTCA	STREME-3	3.0e-002	148	11.35	tp	0
3-ATTATCCTCA	STREME-3	3.0e-002	907	11.29	tp	0
3-ATTATCCTCA	STREME-3	3.0e-002	443	11.27	tp	0
3-ATTATCCTCA	STREME-3	3.0e-002	781	11.09	tp	0
3-ATTATCCTCA	STREME-3	3.0e-002	623	11.09	tp	0
3-ATTATCCTCA	STREME-3	3.0e-002	703	11.05	tp	0
3-ATTATCCTCA	STREME-3	3.0e-002	69	10.93	tp	0
3-ATTATCCTCA	STREME-3	3.0e-002	472	10.92	tp	0
3-ATTATCCTCA	STREME-3	3.0e-002	224	10.82	tp	0
3-ATTATCCTCA	STREME-3	3.0e-002	668	10.78	fp	0
3-ATTATCCTCA	STREME-3	3.0e-002	568	10.75	fp	0
3-ATTATCCTCA	STREME-3	3.0e-002	260	10.74	tp	1
3-ATTATCCTCA	STREME-3	3.0e-002	419	10.72	tp	0
3-ATTATCCTCA	STREME-3	3.0e-002	206	10.69	tp	0
3-ATTATCCTCA	STREME-3	3.0e-002	484	10.69	fp	0
3-ATTATCCTCA	STREME-3	3.0e-002	634	10.69	tp	1
3-ATTATCCTCA	STREME-3	3.0e-002	539	10.56	tp	0
3-ATTATCCTCA	STREME-3	3.0e-002	467	10.55	tp	0
3-ATTATCCTCA	STREME-3	3.0e-002	695	10.42	tp	0
3-ATTATCCTCA	STREME-3	3.0e-002	165	10.42	tp	0
3-ATTATCCTCA	STREME-3	3.0e-002	612	10.37	tp	0
3-ATTATCCTCA	STREME-3	3.0e-002	249	10.37	tp	0
3-ATTATCCTCA	STREME-3	3.0e-002	119	10.26	tp	0
3-ATTATCCTCA	STREME-3	3.0e-002	706	10.24	tp	0
3-ATTATCCTCA	STREME-3	3.0e-002	464	10.22	tp	0
3-ATTATCCTCA	STREME-3	3.0e-002	36	10.15	tp	0
3-ATTATCCTCA	STREME-3	3.0e-002	597	10.03	fp	0
3-ATTATCCTCA	STREME-3	3.0e-002	91	9.98	fp	0
3-ATTATCCTCA	STREME-3	3.0e-002	648	9.98	fp	0
3-ATTATCCTCA	STREME-3	3.0e-002	729	9.97	tp	0
3-ATTATCCTCA	STREME-3	3.0e-002	519	9.93	tp	0
3-ATTATCCTCA	STREME-3	3.0e-002	914	9.92	tp	0
3-ATTATCCTCA	STREME-3	3.0e-002	165	9.83	fp	0
3-ATTATCCTCA	STREME-3	3.0e-002	845	9.64	tp	0
3-ATTATCCTCA	STREME-3	3.0e-002	185	9.64	tp	0
3-ATTATCCTCA	STREME-3	3.0e-002	53	9.64	tp	1
3-ATTATCCTCA	STREME-3	3.0e-002	49	9.62	tp	0
3-ATTATCCTCA	STREME-3	3.0e-002	83	9.62	tp	1
3-ATTATCCTCA	STREME-3	3.0e-002	28	9.62	tp	0
3-ATTATCCTCA	STREME-3	3.0e-002	759	9.60	tp	0
3-ATTATCCTCA	STREME-3	3.0e-002	820	9.55	fp	0
3-ATTATCCTCA	STREME-3	3.0e-002	11	9.48	tp	0
3-ATTATCCTCA	STREME-3	3.0e-002	319	9.42	tp	0
#
4-AGAAGAG	STREME-4	3.1e-002	93	12.29	tp	0
4-AGAAGAG	STREME-4	3.1e-002	393	12.29	tp	0
4-AGAAGAG	STREME-4	3.1e-002	272	12.29	tp	0
4-AGAAGAG	STREME-4	3.1e-002	392	12.29	tp	0
4-AGAAGAG	STREME-4	3.1e-002	543	12.29	tp	0
4-AGAAGAG	STREME-4	3.1e-002	607	12.29	tp	0
4-AGAAGAG	STREME-4	3.1e-002	256	12.29	tp	0
4-AGAAGAG	STREME-4	3.1e-002	200	12.29	tp	0
4-AGAAGAG	STREME-4	3.1e-002	523	12.29	tp	0
4-AGAAGAG	STREME-4	3.1e-002	786	12.29	tp	0
4-AGAAGAG	STREME-4	3.1e-002	802	12.29	tp	0
4-AGAAGAG	STREME-4	3.1e-002	376	12.29	tp	0
4-AGAAGAG	STREME-4	3.1e-002	160	12.29	tp	0
4-AGAAGAG	STREME-4	3.1e-002	928	12.29	tp	0
4-AGAAGAG	STREME-4	3.1e-002	32	12.29	tp	0
4-AGAAGAG	STREME-4	3.1e-002	533	12.29	tp	0
4-AGAAGAG	STREME-4	3.1e-002	314	12.29	tp	0
4-AGAAGAG	STREME-4	3.1e-002	79	12.29	tp	0
4-AGAAGAG	STREME-4	3.1e-002	26	12.29	tp	0
4-AGAAGAG	STREME-4	3.1e-002	416	12.29	tp	0
4-AGAAGAG	STREME-4	3.1e-002	923	12.29	tp	0
4-AGAAGAG	STREME-4	3.1e-002	450	12.29	tp	0
4-AGAAGAG	STREME-4	3.1e-002	366	12.29	tp	0
4-AGAAGAG	STREME-4	3.1e-002	930	12.29	tp	0
4-AGAAGAG	STREME-4	3.1e-002	283	12.29	tp	0
4-AGAAGAG	STREME-4	3.1e-002	589	12.29	tp	0
4-AGAAGAG	STREME-4	3.1e-002	709	12.29	tp	0
4-AGAAGAG	STREME-4	3.1e-002	353	12.29	tp	0
4-AGAAGAG	STREME-4	3.1e-002	729	12.29	tp	0
4-AGAAGAG	STREME-4	3.1e-002	469	12.29	tp	0
4-AGAAGAG	STREME-4	3.1e-002	20	12.29	fp	0
4-AGAAGAG	STREME-4	3.1e-002	598	12.29	fp	0
4-AGAAGAG	STREME-4	3.1e-002	100	12.29	fp	0
4-AGAAGAG	STREME-4	3.1e-002	657	12.29	fp	0
4-AGAAGAG	STREME-4	3.1e-002	179	12.29	fp	0
4-AGAAGAG	STREME-4	3.1e-002	138	12.29	fp	0
4-AGAAGAG	STREME-4	3.1e-002	256	12.29	fp	0
4-AGAAGAG	STREME-4	3.1e-002	283	12.29	fp	0
4-AGAAGAG	STREME-4	3.1e-002	602	12.29	fp	0
4-AGAAGAG	STREME-4	3.1e-002	731	12.29	fp	0
4-AGAAGAG	STREME-4	3.1e-002	163	12.29	fp	0
4-AGAAGAG	STREME-4	3.1e-002	937	12.29	tp	1
4-AGAAGAG	STREME-4	3.1e-002	131	12.29	tp	1
4-AGAAGAG	STREME-4	3.1e-002	41	12.29	tp	1
4-AGAAGAG	STREME-4	3.1e-002	23	12.29	tp	1
4-AGAAGAG	STREME-4	3.1e-002	700	12.29	tp	1
4-AGAAGAG	STREME-4	3.1e-002	583	12.29	fp	1
4-AGAAGAG	STREME-4	3.1e-002	230	12.29	fp	1
4-AGAAGAG	STREME-4	3.1e-002	795	11.67	tp	0
4-AGAAGAG	STREME-4	3.1e-002	234	11.67	tp	0
4-AGAAGAG	STREME-4	3.1e-002	404	11.67	tp	0
4-AGAAGAG	STREME-4	3.1e-002	822	11.67	tp	0
4-AGAAGAG	STREME-4	3.1e-002	539	11.67	tp	0
4-AGAAGAG	STREME-4	3.1e-002	654	11.67	fp	0
4-AGAAGAG	STREME-4	3.1e-002	647	11.18	tp	0
4-AGAAGAG	STREME-4	3.1e-002	425	11.18	tp	0
4-AGAAGAG	STREME-4	3.1e-002	259	11.18	tp	0
4-AGAAGAG	STREME-4	3.1e-002	573	11.18	tp	0
4-AGAAGAG	STREME-4	3.1e-002	417	9.96	tp	0
4-AGAAGAG	STREME-4	3.1e-002	241	9.96	tp	0
4-AGAAGAG	STREME-4	3.1e-002	85	9.96	tp	0
4-AGAAGAG	STREME-4	3.1e-002	54	9.96	tp	0
4-AGAAGAG	STREME-4	3.1e-002	650	9.96	tp	0
4-AGAAGAG	STREME-4	3.1e-002	883	9.96	tp	0
4-AGAAGAG	STREME-4	3.1e-002	585	9.96	tp	0
4-AGAAGAG	STREME-4	3.1e-002	519	9.96	tp	0
4-AGAAGAG	STREME-4	3.1e-002	248	9.96	tp	0
4-AGAAGAG	STREME-4	3.1e-002	454	9.96	tp	0
4-AGAAGAG	STREME-4	3.1e-002	453	9.96	fp	0
4-AGAAGAG	STREME-4	3.1e-002	740	9.96	fp	0
4-AGAAGAG	STREME-4	3.1e-002	214	9.96	fp	0
4-AGAAGAG	STREME-4	3.1e-002	445	9.96	tp	1
4-AGAAGAG	STREME-4	3.1e-002	417	9.96	fp	1
4-AGAAGAG	STREME-4	3.1e-002	827	9.96	fp	1
4-AGAAGAG	STREME-4	3.1e-002	654	9.55	tp	0
4-AGAAGAG	STREME-4	3.1e-002	396	9.55	tp	0
4-AGAAGAG	STREME-4	3.1e-002	373	9.55	tp	0
4-AGAAGAG	STREME-4	3.1e-002	120	9.55	tp	0
4-AGAAGAG	STREME-4	3.1e-002	346	9.55	tp	0
4-AGAAGAG	STREME-4	3.1e-002	345	9.55	tp	0
4-AGAAGAG	STREME-4	3.1e-002	903	9.55	tp	0
4-AGAAGAG	STREME-4	3.1e-002	323	9.55	tp	0
4-AGAAGAG	STREME-4	3.1e-002	865	9.55	tp	0
4-AGAAGAG	STREME-4	3.1e-002	734	9.55	tp	0
4-AGAAGAG	STREME-4	3.1e-002	505	9.55	tp	0
4-AGAAGAG	STREME-4	3.1e-002	709	9.55	fp	0
4-AGAAGAG	STREME-4	3.1e-002	745	9.55	fp	0
4-AGAAGAG	STREME-4	3.1e-002	543	9.55	fp	0
4-AGAAGAG	STREME-4	3.1e-002	750	9.55	fp	0
4-AGAAGAG	STREME-4	3.1e-002	316	9.55	fp	0
4-AGAAGAG	STREME-4	3.1e-002	244	9.55	fp	0
4-AGAAGAG	STREME-4	3.1e-002	83	9.55	tp	1
4-AGAAGAG	STREME-4	3.1e-002	684	9.27	tp	0
4-AGAAGAG	STREME-4	3.1e-002	704	9.27	tp	0
4-AGAAGAG	STREME-4	3.1e-002	388	9.27	tp	0
4-AGAAGAG	STREME-4	3.1e-002	665	9.27	tp	0
4-AGAAGAG	STREME-4	3.1e-002	777	9.27	tp	0
4-AGAAGAG	STREME-4	3.1e-002	443	9.27	fp	0
4-AGAAGAG	STREME-4	3.1e-002	402	9.27	fp	0
4-AGAAGAG	STREME-4	3.1e-002	533	9.27	fp	0
4-AGAAGAG	STREME-4	3.1e-002	609	9.27	fp	0
4-AGAAGAG	STREME-4	3.1e-002	172	9.27	tp	1
4-AGAAGAG	STREME-4	3.1e-002	687	9.04	tp	0
4-AGAAGAG	STREME-4	3.1e-002	545	9.04	tp	0
4-AGAAGAG	STREME-4	3.1e-002	448	9.04	tp	0
4-AGAAGAG	STREME-4	3.1e-002	210	9.04	tp	0
4-AGAAGAG	STREME-4	3.1e-002	573	9.04	fp	0
4-AGAAGAG	STREME-4	3.1e-002	202	9.04	fp	0
4-AGAAGAG	STREME-4	3.1e-002	905	8.62	tp	0
4-AGAAGAG	STREME-4	3.1e-002	866	8.61	tp	0
4-AGAAGAG	STREME-4	3.1e-002	8	8.61	tp	0
4-AGAAGAG	STREME-4	3.1e-002	392	8.61	fp	0
4-AGAAGAG	STREME-4	3.1e-002	351	8.61	tp	1
4-AGAAGAG	STREME-4	3.1e-002	901	8.61	fp	1
4-AGAAGAG	STREME-4	3.1e-002	330	8.58	fp	0
4-AGAAGAG	STREME-4	3.1e-002	178	8.50	tp	0
4-AGAAGAG	STREME-4	3.1e-002	406	8.50	tp	0
4-AGAAGAG	STREME-4	3.1e-002	855	8.50	fp	0
4-AGAAGAG	STREME-4	3.1e-002	913	8.50	fp	0
4-AGAAGAG	STREME-4	3.1e-002	670	8.48	tp	0
4-AGAAGAG	STREME-4	3.1e-002	230	8.48	tp	0
4-AGAAGAG	STREME-4	3.1e-002	515	8.48	tp	0
4-AGAAGAG	STREME-4	3.1e-002	824	8.48	tp	0
4-AGAAGAG	STREME-4	3.1e-002	12	8.48	tp	0
4-AGAAGAG	STREME-4	3.1e-002	801	8.48	tp	0
4-AGAAGAG	STREME-4	3.1e-002	837	8.48	tp	0
4-AGAAGAG	STREME-4	3.1e-002	513	8.48	tp	0
4-AGAAGAG	STREME-4	3.1e-002	522	8.48	tp	0
4-AGAAGAG	STREME-4	3.1e-002	148	8.48	tp	0
4-AGAAGAG	STREME-4	3.1e-002	592	8.48	tp	0
4-AGAAGAG	STREME-4	3.1e-002	232	8.48	tp	0
4-AGAAGAG	STREME-4	3.1e-002	443	8.48	tp	0
4-AGAAGAG	STREME-4	3.1e-002	5	8.48	tp	0
4-AGAAGAG	STREME-4	3.1e-002	17	8.48	tp	0
4-AGAAGAG	STREME-4	3.1e-002	719	8.48	tp	0
4-AGAAGAG	STREME-4	3.1e-002	668	8.48	tp	0
4-AGAAGAG	STREME-4	3.1e-002	138	8.48	tp	0
4-AGAAGAG	STREME-4	3.1e-002	731	8.48	tp	0
4-AGAAGAG	STREME-4	3.1e-002	68	8.48	tp	0
4-AGAAGAG	STREME-4	3.1e-002	435	8.48	tp	0
4-AGAAGAG	STREME-4	3.1e-002	791	8.48	tp	0
4-AGAAGAG	STREME-4	3.1e-002	558	8.48	tp	0
4-AGAAGAG	STREME-4	3.1e-002	626	8.48	tp	0
4-AGAAGAG	STREME-4	3.1e-002	869	8.48	tp	0
4-AGAAGAG	STREME-4	3.1e-002	656	8.48	tp	0
4-AGAAGAG	STREME-4	3.1e-002	51	8.48	tp	0
4-AGAAGAG	STREME-4	3.1e-002	806	8.48	tp	0
4-AGAAGAG	STREME-4	3.1e-002	629	8.48	tp	0
4-AGAAGAG	STREME-4	3.1e-002	14	8.48	tp	0
4-AGAAGAG	STREME-4	3.1e-002	42	8.48	tp	0
4-AGAAGAG	STREME-4	3.1e-002	187	8.48	tp	0
4-AGAAGAG	STREME-4	3.1e-002	567	8.48	tp	0
4-AGAAGAG	STREME-4	3.1e-002	508	8.48	tp	0
4-AGAAGAG	STREME-4	3.1e-002	97	8.48	tp	0
4-AGAAGAG	STREME-4	3.1e-002	270	8.48	tp	0
4-AGAAGAG	STREME-4	3.1e-002	441	8.48	tp	0
4-AGAAGAG	STREME-4	3.1e-002	330	8.48	tp	0
4-AGAAGAG	STREME-4	3.1e-002	261	8.48	tp	0
4-AGAAGAG	STREME-4	3.1e-002	901	8.48	tp	0
4-AGAAGAG	STREME-4	3.1e-002	594	8.48	tp	0
4-AGAAGAG	STREME-4	3.1e-002	215	8.48	tp	0
4-AGAAGAG	STREME-4	3.1e-002	715	8.48	tp	0
4-AGAAGAG	STREME-4	3.1e-002	577	8.48	tp	0
4-AGAAGAG	STREME-4	3.1e-002	836	8.48	tp	0
4-AGAAGAG	STREME-4	3.1e-002	249	8.48	tp	0
4-AGAAGAG	STREME-4	3.1e-002	712	8.48	tp	0
4-AGAAGAG	STREME-4	3.1e-002	190	8.48	tp	0
4-AGAAGAG	STREME-4	3.1e-002	28	8.48	tp	0
4-AGAAGAG	STREME-4	3.1e-002	343	8.48	tp	0
4-AGAAGAG	STREME-4	3.1e-002	750	8.48	tp	0
4-AGAAGAG	STREME-4	3.1e-002	135	8.48	tp	0
4-AGAAGAG	STREME-4	3.1e-002	58	8.48	tp	0
4-AGAAGAG	STREME-4	3.1e-002	321	8.48	tp	0
4-AGAAGAG	STREME-4	3.1e-002	617	8.48	tp	0
4-AGAAGAG	STREME-4	3.1e-002	675	8.48	tp	0
4-AGAAGAG	STREME-4	3.1e-002	484	8.48	tp	0
4-AGAAGAG	STREME-4	3.1e-002	295	8.48	tp	0
4-AGAAGAG	STREME-4	3.1e-002	561	8.48	tp	0
4-AGAAGAG	STREME-4	3.1e-002	157	8.48	tp	0
4-AGAAGAG	STREME-4	3.1e-002	280	8.48	tp	0
4-AGAAGAG	STREME-4	3.1e-002	247	8.48	tp	0
4-AGAAGAG	STREME-4	3.1e-002	931	8.48	tp	0
4-AGAAGAG	STREME-4	3.1e-002	133	8.48	tp	0
4-AGAAGAG	STREME-4	3.1e-002	762	8.48	tp	0
4-AGAAGAG	STREME-4	3.1e-002	90	8.48	tp	0
4-AGAAGAG	STREME-4	3.1e-002	748	8.48	tp	0
4-AGAAGAG	STREME-4	3.1e-002	432	8.48	tp	0
4-AGAAGAG	STREME-4	3.1e-002	5	8.48	fp	0
4-AGAAGAG	STREME-4	3.1e-002	217	8.48	fp	0
4-AGAAGAG	STREME-4	3.1e-002	601	8.48	fp	0
4-AGAAGAG	STREME-4	3.1e-002	675	8.48	fp	0
4-AGAAGAG	STREME-4	3.1e-002	155	8.48	fp	0
4-AGAAGAG	STREME-4	3.1e-002	513	8.48	fp	0
4-AGAAGAG	STREME-4	3.1e-002	566	8.48	fp	0
4-AGAAGAG	STREME-4	3.1e-002	485	8.48	fp	0
4-AGAAGAG	STREME-4	3.1e-002	712	8.48	fp	0
4-AGAAGAG	STREME-4	3.1e-002	454	8.48	fp	0
4-AGAAGAG	STREME-4	3.1e-002	362	8.48	fp	0
4-AGAAGAG	STREME-4	3.1e-002	501	8.48	fp	0
4-AGAAGAG	STREME-4	3.1e-002	670	8.48	fp	0
4-AGAAGAG	STREME-4	3.1e-002	931	8.48	fp	0
4-AGAAGAG	STREME-4	3.1e-002	248	8.48	fp	0
4-AGAAGAG	STREME-4	3.1e-002	448	8.48	fp	0
4-AGAAGAG	STREME-4	3.1e-002	707	8.48	fp	0
4-AGAAGAG	STREME-4	3.1e-002	791	8.48	fp	0
4-AGAAGAG	STREME-4	3.1e-002	798	8.48	fp	0
4-AGAAGAG	STREME-4	3.1e-002	867	8.48	fp	0
4-AGAAGAG	STREME-4	3.1e-002	460	8.48	fp	0
4-AGAAGAG	STREME-4	3.1e-002	390	8.48	fp	0
4-AGAAGAG	STREME-4	3.1e-002	90	8.48	fp	0
4-AGAAGAG	STREME-4	3.1e-002	523	8.48	fp	0
4-AGAAGAG	STREME-4	3.1e-002	17	8.48	fp	0
4-AGAAGAG	STREME-4	3.1e-002	12	8.48	fp	0
4-AGAAGAG	STREME-4	3.1e-002	934	8.48	fp	0
4-AGAAGAG	STREME-4	3.1e-002	191	8.48	fp	0
4-AGAAGAG	STREME-4	3.1e-002	810	8.48	fp	0
4-AGAAGAG	STREME-4	3.1e-002	120	8.48	fp	0
4-AGAAGAG	STREME-4	3.1e-002	615	8.48	fp	0
4-AGAAGAG	STREME-4	3.1e-002	99	8.48	fp	0
4-AGAAGAG	STREME-4	3.1e-002	815	8.48	fp	0
4-AGAAGAG	STREME-4	3.1e-002	656	8.48	fp	0
4-AGAAGAG	STREME-4	3.1e-002	295	8.48	fp	0
4-AGAAGAG	STREME-4	3.1e-002	137	8.48	fp	0
4-AGAAGAG	STREME-4	3.1e-002	767	8.48	fp	0
4-AGAAGAG	STREME-4	3.1e-002	218	8.48	fp	0
4-AGAAGAG	STREME-4	3.1e-002	273	8.48	fp	0
4-AGAAGAG	STREME-4	3.1e-002	281	8.48	tp	1
4-AGAAGAG	STREME-4	3.1e-002	207	8.48	tp	1
4-AGAAGAG	STREME-4	3.1e-002	273	8.48	tp	1
4-AGAAGAG	STREME-4	3.1e-002	327	8.48	tp	1
4-AGAAGAG	STREME-4	3.1e-002	751	8.48	tp	1
4-AGAAGAG	STREME-4	3.1e-002	190	8.48	fp	1
4-AGAAGAG	STREME-4	3.1e-002	261	8.48	fp	1
4-AGAAGAG	STREME-4	3.1e-002	358	8.48	fp	1
4-AGAAGAG	STREME-4	3.1e-002	133	8.48	fp	1
4-AGAAGAG	STREME-4	3.1e-002	508	8.48	fp	1
4-AGAAGAG	STREME-4	3.1e-002	425	8.42	fp	0
4-AGAAGAG	STREME-4	3.1e-002	239	8.31	tp	0
4-AGAAGAG	STREME-4	3.1e-002	844	8.31	tp	0
4-AGAAGAG	STREME-4	3.1e-002	534	8.31	tp	0
4-AGAAGAG	STREME-4	3.1e-002	447	8.31	tp	0
4-AGAAGAG	STREME-4	3.1e-002	906	8.31	tp	0
4-AGAAGAG	STREME-4	3.1e-002	194	8.31	tp	0
4-AGAAGAG	STREME-4	3.1e-002	208	8.31	tp	0
4-AGAAGAG	STREME-4	3.1e-002	817	8.31	tp	0
4-AGAAGAG	STREME-4	3.1e-002	199	8.31	tp	0
4-AGAAGAG	STREME-4	3.1e-002	57	8.31	fp	0
4-AGAAGAG	STREME-4	3.1e-002	13	8.31	fp	0
4-AGAAGAG	STREME-4	3.1e-002	469	8.31	fp	0
4-AGAAGAG	STREME-4	3.1e-002	923	8.31	fp	0
4-AGAAGAG	STREME-4	3.1e-002	854	8.31	fp	0
4-AGAAGAG	STREME-4	3.1e-002	259	8.31	fp	0
4-AGAAGAG	STREME-4	3.1e-002	872	8.31	tp	1
4-AGAAGAG	STREME-4	3.1e-002	609	8.31	tp	1
4-AGAAGAG	STREME-4	3.1e-002	405	8.31	fp	1
4-AGAAGAG	STREME-4	3.1e-002	556	8.31	fp	1
4-AGAAGAG	STREME-4	3.1e-002	222	8.18	tp	0
4-AGAAGAG	STREME-4	3.1e-002	144	8.18	tp	0
4-AGAAGAG	STREME-4	3.1e-002	339	8.18	tp	0
4-AGAAGAG	STREME-4	3.1e-002	178	8.18	fp	0
4-AGAAGAG	STREME-4	3.1e-002	865	8.18	fp	0
4-AGAAGAG	STREME-4	3.1e-002	518	8.18	fp	1
4-AGAAGAG	STREME-4	3.1e-002	824	8.18	fp	1
4-AGAAGAG	STREME-4	3.1e-002	936	8.00	tp	0
4-AGAAGAG	STREME-4	3.1e-002	316	8.00	tp	0
4-AGAAGAG	STREME-4	3.1e-002	624	8.00	fp	0
4-AGAAGAG	STREME-4	3.1e-002	424	8.00	tp	0
4-AGAAGAG	STREME-4	3.1e-002	506	8.00	tp	0
4-AGAAGAG	STREME-4	3.1e-002	467	8.00	tp	0
4-AGAAGAG	STREME-4	3.1e-002	874	8.00	tp	0
4-AGAAGAG	STREME-4	3.1e-002	232	8.00	fp	0
4-AGAAGAG	STREME-4	3.1e-002	424	8.00	fp	0
4-AGAAGAG	STREME-4	3.1e-002	302	8.00	fp	0
4-AGAAGAG	STREME-4	3.1e-002	541	8.00	fp	0
4-AGAAGAG	STREME-4	3.1e-002	562	8.00	tp	1
4-AGAAGAG	STREME-4	3.1e-002	253	7.99	tp	0
4-AGAAGAG	STREME-4	3.1e-002	265	7.99	tp	0
4-AGAAGAG	STREME-4	3.1e-002	815	7.99	tp	0
4-AGAAGAG	STREME-4	3.1e-002	63	7.99	fp	0
4-AGAAGAG	STREME-4	3.1e-002	550	7.88	tp	0
4-AGAAGAG	STREME-4	3.1e-002	30	7.88	fp	0
4-AGAAGAG	STREME-4	3.1e-002	555	7.86	tp	0
4-AGAAGAG	STREME-4	3.1e-002	151	7.86	tp	0
4-AGAAGAG	STREME-4	3.1e-002	661	7.86	fp	0
4-AGAAGAG	STREME-4	3.1e-002	196	7.86	fp	0
4-AGAAGAG	STREME-4	3.1e-002	702	7.86	fp	0
4-AGAAGAG	STREME-4	3.1e-002	589	7.86	fp	0
4-AGAAGAG	STREME-4	3.1e-002	15	7.86	fp	0
4-AGAAGAG	STREME-4	3.1e-002	439	7.86	tp	1
4-AGAAGAG	STREME-4	3.1e-002	927	7.86	tp	1
4-AGAAGAG	STREME-4	3.1e-002	664	7.74	tp	0
4-AGAAGAG	STREME-4	3.1e-002	778	7.74	tp	1
4-AGAAGAG	STREME-4	3.1e-002	171	7.50	fp	0
4-AGAAGAG	STREME-4	3.1e-002	936	7.50	fp	0
4-AGAAGAG	STREME-4	3.1e-002	130	7.50	fp	0
4-AGAAGAG	STREME-4	3.1e-002	376	7.50	fp	0
4-AGAAGAG	STREME-4	3.1e-002	658	7.39	fp	0
4-AGAAGAG	STREME-4	3.1e-002	463	7.39	fp	1
4-AGAAGAG	STREME-4	3.1e-002	174	7.37	tp	0
4-AGAAGAG	STREME-4	3.1e-002	307	7.37	tp	0
4-AGAAGAG	STREME-4	3.1e-002	514	7.37	tp	0
4-AGAAGAG	STREME-4	3.1e-002	823	7.37	tp	0
4-AGAAGAG	STREME-4	3.1e-002	437	7.37	tp	0
4-AGAAGAG	STREME-4	3.1e-002	602	7.37	tp	0
4-AGAAGAG	STREME-4	3.1e-002	244	7.37	tp	0
4-AGAAGAG	STREME-4	3.1e-002	561	7.37	fp	0
4-AGAAGAG	STREME-4	3.1e-002	836	7.37	fp	0
4-AGAAGAG	STREME-4	3.1e-002	366	7.37	fp	0
4-AGAAGAG	STREME-4	3.1e-002	97	7.37	fp	0
4-AGAAGAG	STREME-4	3.1e-002	16	7.37	fp	0
4-AGAAGAG	STREME-4	3.1e-002	265	7.37	fp	0
4-AGAAGAG	STREME-4	3.1e-002	719	7.37	fp	0
4-AGAAGAG	STREME-4	3.1e-002	260	7.37	tp	1
4-AGAAGAG	STREME-4	3.1e-002	810	7.33	tp	0
4-AGAAGAG	STREME-4	3.1e-002	878	7.24	tp	0
4-AGAAGAG	STREME-4	3.1e-002	677	7.24	tp	0
4-AGAAGAG	STREME-4	3.1e-002	263	7.24	tp	0
4-AGAAGAG	STREME-4	3.1e-002	477	7.24	tp	0
4-AGAAGAG	STREME-4	3.1e-002	25	7.24	tp	0
4-AGAAGAG	STREME-4	3.1e-002	725	7.24	tp	0
4-AGAAGAG	STREME-4	3.1e-002	827	7.24	tp	0
4-AGAAGAG	STREME-4	3.1e-002	288	7.24	tp	0
4-AGAAGAG	STREME-4	3.1e-002	218	7.24	tp	0
4-AGAAGAG	STREME-4	3.1e-002	793	7.24	tp	0
4-AGAAGAG	STREME-4	3.1e-002	586	7.24	tp	0
4-AGAAGAG	STREME-4	3.1e-002	39	7.24	fp	0
4-AGAAGAG	STREME-4	3.1e-002	619	7.24	fp	0
4-AGAAGAG	STREME-4	3.1e-002	203	7.24	fp	0
4-AGAAGAG	STREME-4	3.1e-002	252	7.24	fp	0
4-AGAAGAG	STREME-4	3.1e-002	730	7.24	fp	0
4-AGAAGAG	STREME-4	3.1e-002	598	7.22	tp	0
4-AGAAGAG	STREME-4	3.1e-002	895	7.22	fp	0
4-AGAAGAG	STREME-4	3.1e-002	555	7.22	fp	0
4-AGAAGAG	STREME-4	3.1e-002	216	7.22	fp	1
4-AGAAGAG	STREME-4	3.1e-002	565	7.19	tp	0
4-AGAAGAG	STREME-4	3.1e-002	203	7.13	tp	0
4-AGAAGAG	STREME-4	3.1e-002	418	7.13	tp	0
4-AGAAGAG	STREME-4	3.1e-002	857	7.13	tp	0
4-AGAAGAG	STREME-4	3.1e-002	525	7.13	tp	0
4-AGAAGAG	STREME-4	3.1e-002	821	7.13	tp	0
4-AGAAGAG	STREME-4	3.1e-002	749	7.13	tp	0
4-AGAAGAG	STREME-4	3.1e-002	633	7.13	tp	0
4-AGAAGAG	STREME-4	3.1e-002	852	7.13	tp	0
4-AGAAGAG	STREME-4	3.1e-002	159	7.13	tp	0
4-AGAAGAG	STREME-4	3.1e-002	328	7.13	tp	0
4-AGAAGAG	STREME-4	3.1e-002	146	7.13	tp	0
4-AGAAGAG	STREME-4	3.1e-002	570	7.13	tp	0
4-AGAAGAG	STREME-4	3.1e-002	312	7.13	tp	0
4-AGAAGAG	STREME-4	3.1e-002	175	7.13	tp	0
4-AGAAGAG	STREME-4	3.1e-002	179	7.13	tp	0
4-AGAAGAG	STREME-4	3.1e-002	122	7.13	tp	0
4-AGAAGAG	STREME-4	3.1e-002	643	7.13	tp	0
4-AGAAGAG	STREME-4	3.1e-002	449	7.13	tp	0
4-AGAAGAG	STREME-4	3.1e-002	578	7.13	tp	0
4-AGAAGAG	STREME-4	3.1e-002	694	7.13	tp	0
4-AGAAGAG	STREME-4	3.1e-002	853	7.13	tp	0
4-AGAAGAG	STREME-4	3.1e-002	529	7.13	tp	0
4-AGAAGAG	STREME-4	3.1e-002	686	7.13	tp	0
4-AGAAGAG	STREME-4	3.1e-002	590	7.13	tp	0
4-AGAAGAG	STREME-4	3.1e-002	226	7.13	tp	0
4-AGAAGAG	STREME-4	3.1e-002	475	7.13	tp	0
4-AGAAGAG	STREME-4	3.1e-002	880	7.13	tp	0
4-AGAAGAG	STREME-4	3.1e-002	500	7.13	tp	0
4-AGAAGAG	STREME-4	3.1e-002	568	7.13	tp	0
4-AGAAGAG	STREME-4	3.1e-002	608	7.13	tp	0
4-AGAAGAG	STREME-4	3.1e-002	250	7.13	tp	0
4-AGAAGAG	STREME-4	3.1e-002	569	7.13	tp	0
4-AGAAGAG	STREME-4	3.1e-002	741	7.13	tp	0
4-AGAAGAG	STREME-4	3.1e-002	228	7.13	tp	0
4-AGAAGAG	STREME-4	3.1e-002	732	7.13	tp	0
4-AGAAGAG	STREME-4	3.1e-002	48	7.13	tp	0
4-AGAAGAG	STREME-4	3.1e-002	427	7.13	fp	0
4-AGAAGAG	STREME-4	3.1e-002	621	7.13	fp	0
4-AGAAGAG	STREME-4	3.1e-002	234	7.13	fp	0
4-AGAAGAG	STREME-4	3.1e-002	540	7.13	fp	0
4-AGAAGAG	STREME-4	3.1e-002	520	7.13	fp	0
4-AGAAGAG	STREME-4	3.1e-002	906	7.13	fp	0
4-AGAAGAG	STREME-4	3.1e-002	428	7.13	fp	0
4-AGAAGAG	STREME-4	3.1e-002	182	7.13	fp	0
4-AGAAGAG	STREME-4	3.1e-002	846	7.13	fp	0
4-AGAAGAG	STREME-4	3.1e-002	534	7.13	fp	0
4-AGAAGAG	STREME-4	3.1e-002	880	7.13	fp	0
4-AGAAGAG	STREME-4	3.1e-002	321	7.13	fp	0
4-AGAAGAG	STREME-4	3.1e-002	933	7.13	fp	0
4-AGAAGAG	STREME-4	3.1e-002	890	7.13	fp	0
4-AGAAGAG	STREME-4	3.1e-002	250	7.13	fp	0
4-AGAAGAG	STREME-4	3.1e-002	562	7.13	fp	0
4-AGAAGAG	STREME-4	3.1e-002	199	7.13	fp	0
4-AGAAGAG	STREME-4	3.1e-002	903	7.13	fp	0
4-AGAAGAG	STREME-4	3.1e-002	607	7.13	fp	0
4-AGAAGAG	STREME-4	3.1e-002	243	7.13	fp	0
4-AGAAGAG	STREME-4	3.1e-002	431	7.13	fp	0
4-AGAAGAG	STREME-4	3.1e-002	401	7.13	fp	0
4-AGAAGAG	STREME-4	3.1e-002	318	7.13	fp	0
4-AGAAGAG	STREME-4	3.1e-002	739	7.13	fp	0
4-AGAAGAG	STREME-4	3.1e-002	583	7.13	tp	1
4-AGAAGAG	STREME-4	3.1e-002	350	7.13	tp	1
4-AGAAGAG	STREME-4	3.1e-002	324	7.13	tp	1
4-AGAAGAG	STREME-4	3.1e-002	814	6.92	fp	0
4-AGAAGAG	STREME-4	3.1e-002	586	6.92	fp	0
4-AGAAGAG	STREME-4	3.1e-002	487	6.92	tp	1
4-AGAAGAG	STREME-4	3.1e-002	499	6.63	tp	0
4-AGAAGAG	STREME-4	3.1e-002	57	6.63	tp	0
4-AGAAGAG	STREME-4	3.1e-002	779	6.63	tp	0
4-AGAAGAG	STREME-4	3.1e-002	287	6.63	tp	0
4-AGAAGAG	STREME-4	3.1e-002	154	6.63	tp	0
4-AGAAGAG	STREME-4	3.1e-002	341	6.63	tp	0
4-AGAAGAG	STREME-4	3.1e-002	363	6.63	tp	0
4-AGAAGAG	STREME-4	3.1e-002	730	6.63	tp	0
4-AGAAGAG	STREME-4	3.1e-002	460	6.63	tp	0
4-AGAAGAG	STREME-4	3.1e-002	531	6.63	fp	0
4-AGAAGAG	STREME-4	3.1e-002	255	6.63	fp	0
4-AGAAGAG	STREME-4	3.1e-002	93	6.63	fp	0
4-AGAAGAG	STREME-4	3.1e-002	412	6.63	fp	0
4-AGAAGAG	STREME-4	3.1e-002	505	6.63	fp	0
4-AGAAGAG	STREME-4	3.1e-002	213	6.63	fp	0
4-AGAAGAG	STREME-4	3.1e-002	374	6.63	fp	0
4-AGAAGAG	STREME-4	3.1e-002	673	6.63	fp	0
4-AGAAGAG	STREME-4	3.1e-002	455	6.63	fp	0
4-AGAAGAG	STREME-4	3.1e-002	119	6.63	fp	0
4-AGAAGAG	STREME-4	3.1e-002	924	6.63	tp	1
4-AGAAGAG	STREME-4	3.1e-002	208	6.63	fp	1
4-AGAAGAG	STREME-4	3.1e-002	379	6.63	fp	1
4-AGAAGAG	STREME-4	3.1e-002	600	6.61	tp	0
4-AGAAGAG	STREME-4	3.1e-002	433	6.61	tp	0
4-AGAAGAG	STREME-4	3.1e-002	220	6.61	fp	0
4-AGAAGAG	STREME-4	3.1e-002	394	6.53	tp	0
4-AGAAGAG	STREME-4	3.1e-002	37	6.49	tp	0
4-AGAAGAG	STREME-4	3.1e-002	552	6.49	tp	0
4-AGAAGAG	STREME-4	3.1e-002	395	6.49	tp	0
4-AGAAGAG	STREME-4	3.1e-002	45	6.49	tp	0
4-AGAAGAG	STREME-4	3.1e-002	809	6.49	tp	0
4-AGAAGAG	STREME-4	3.1e-002	6	6.49	tp	0
4-AGAAGAG	STREME-4	3.1e-002	868	6.49	tp	0
4-AGAAGAG	STREME-4	3.1e-002	108	6.49	tp	0
4-AGAAGAG	STREME-4	3.1e-002	615	6.49	tp	0
4-AGAAGAG	STREME-4	3.1e-002	217	6.49	tp	0
4-AGAAGAG	STREME-4	3.1e-002	834	6.49	tp	0
4-AGAAGAG	STREME-4	3.1e-002	89	6.49	tp	0
4-AGAAGAG	STREME-4	3.1e-002	462	6.49	tp	0
4-AGAAGAG	STREME-4	3.1e-002	785	6.49	tp	0
4-AGAAGAG	STREME-4	3.1e-002	674	6.49	tp	0
4-AGAAGAG	STREME-4	3.1e-002	326	6.49	tp	0
4-AGAAGAG	STREME-4	3.1e-002	769	6.49	fp	0
4-AGAAGAG	STREME-4	3.1e-002	604	6.49	fp	0
4-AGAAGAG	STREME-4	3.1e-002	801	6.49	fp	0
4-AGAAGAG	STREME-4	3.1e-002	792	6.49	fp	0
4-AGAAGAG	STREME-4	3.1e-002	552	6.49	fp	0
4-AGAAGAG	STREME-4	3.1e-002	382	6.49	fp	0
4-AGAAGAG	STREME-4	3.1e-002	189	6.49	fp	0
4-AGAAGAG	STREME-4	3.1e-002	239	6.49	fp	0
4-AGAAGAG	STREME-4	3.1e-002	603	6.49	fp	0
4-AGAAGAG	STREME-4	3.1e-002	868	6.49	fp	0
4-AGAAGAG	STREME-4	3.1e-002	389	6.49	fp	0
4-AGAAGAG	STREME-4	3.1e-002	538	6.49	fp	0
4-AGAAGAG	STREME-4	3.1e-002	156	6.49	fp	0
4-AGAAGAG	STREME-4	3.1e-002	820	6.49	tp	1
4-AGAAGAG	STREME-4	3.1e-002	540	6.49	tp	1
4-AGAAGAG	STREME-4	3.1e-002	788	6.49	tp	1
4-AGAAGAG	STREME-4	3.1e-002	553	6.49	tp	1
4-AGAAGAG	STREME-4	3.1e-002	625	6.49	tp	1
4-AGAAGAG	STREME-4	3.1e-002	521	6.49	tp	1
4-AGAAGAG	STREME-4	3.1e-002	804	6.49	tp	1
4-AGAAGAG	STREME-4	3.1e-002	398	6.49	fp	1
4-AGAAGAG	STREME-4	3.1e-002	620	6.45	tp	0
4-AGAAGAG	STREME-4	3.1e-002	912	6.45	tp	0
4-AGAAGAG	STREME-4	3.1e-002	450	6.45	fp	0
4-AGAAGAG	STREME-4	3.1e-002	40	6.45	fp	0
4-AGAAGAG	STREME-4	3.1e-002	436	6.29	fp	0
4-AGAAGAG	STREME-4	3.1e-002	565	6.29	fp	0
4-AGAAGAG	STREME-4	3.1e-002	210	6.29	fp	1
4-AGAAGAG	STREME-4	3.1e-002	160	6.29	fp	1
4-AGAAGAG	STREME-4	3.1e-002	415	6.29	fp	0
4-AGAAGAG	STREME-4	3.1e-002	840	6.26	tp	0
4-AGAAGAG	STREME-4	3.1e-002	512	6.26	tp	0
4-AGAAGAG	STREME-4	3.1e-002	20	6.26	tp	0
4-AGAAGAG	STREME-4	3.1e-002	933	6.26	tp	0
4-AGAAGAG	STREME-4	3.1e-002	911	6.26	tp	0
4-AGAAGAG	STREME-4	3.1e-002	356	6.26	tp	0
4-AGAAGAG	STREME-4	3.1e-002	581	6.26	tp	0
4-AGAAGAG	STREME-4	3.1e-002	808	6.26	tp	0
4-AGAAGAG	STREME-4	3.1e-002	771	6.26	tp	0
4-AGAAGAG	STREME-4	3.1e-002	576	6.26	tp	0
4-AGAAGAG	STREME-4	3.1e-002	372	6.26	tp	0
4-AGAAGAG	STREME-4	3.1e-002	798	6.26	tp	0
4-AGAAGAG	STREME-4	3.1e-002	939	6.26	tp	0
4-AGAAGAG	STREME-4	3.1e-002	359	6.26	tp	0
4-AGAAGAG	STREME-4	3.1e-002	554	6.26	tp	0
4-AGAAGAG	STREME-4	3.1e-002	843	6.26	tp	0
4-AGAAGAG	STREME-4	3.1e-002	622	6.26	tp	0
4-AGAAGAG	STREME-4	3.1e-002	727	6.26	tp	0
4-AGAAGAG	STREME-4	3.1e-002	364	6.26	tp	0
4-AGAAGAG	STREME-4	3.1e-002	797	6.26	tp	0
4-AGAAGAG	STREME-4	3.1e-002	754	6.26	tp	0
4-AGAAGAG	STREME-4	3.1e-002	623	6.26	tp	0
4-AGAAGAG	STREME-4	3.1e-002	421	6.26	tp	0
4-AGAAGAG	STREME-4	3.1e-002	186	6.26	tp	0
4-AGAAGAG	STREME-4	3.1e-002	892	6.26	tp	0
4-AGAAGAG	STREME-4	3.1e-002	753	6.26	tp	0
4-AGAAGAG	STREME-4	3.1e-002	389	6.26	tp	0
4-AGAAGAG	STREME-4	3.1e-002	390	6.26	tp	0
4-AGAAGAG	STREME-4	3.1e-002	114	6.26	tp	0
4-AGAAGAG	STREME-4	3.1e-002	196	6.26	tp	0
4-AGAAGAG	STREME-4	3.1e-002	593	6.26	tp	0
4-AGAAGAG	STREME-4	3.1e-002	125	6.26	tp	0
4-AGAAGAG	STREME-4	3.1e-002	658	6.26	tp	0
4-AGAAGAG	STREME-4	3.1e-002	297	6.26	tp	0
4-AGAAGAG	STREME-4	3.1e-002	137	6.26	tp	0
4-AGAAGAG	STREME-4	3.1e-002	887	6.26	tp	0
4-AGAAGAG	STREME-4	3.1e-002	247	6.26	fp	0
4-AGAAGAG	STREME-4	3.1e-002	396	6.26	fp	0
4-AGAAGAG	STREME-4	3.1e-002	519	6.26	fp	0
4-AGAAGAG	STREME-4	3.1e-002	628	6.26	fp	0
4-AGAAGAG	STREME-4	3.1e-002	359	6.26	fp	0
4-AGAAGAG	STREME-4	3.1e-002	850	6.26	fp	0
4-AGAAGAG	STREME-4	3.1e-002	125	6.26	fp	0
4-AGAAGAG	STREME-4	3.1e-002	170	6.26	fp	0
4-AGAAGAG	STREME-4	3.1e-002	578	6.26	fp	0
4-AGAAGAG	STREME-4	3.1e-002	281	6.26	fp	0
4-AGAAGAG	STREME-4	3.1e-002	34	6.26	fp	0
4-AGAAGAG	STREME-4	3.1e-002	222	6.26	fp	0
4-AGAAGAG	STREME-4	3.1e-002	510	6.26	fp	0
4-AGAAGAG	STREME-4	3.1e-002	6	6.26	fp	0
4-AGAAGAG	STREME-4	3.1e-002	617	6.26	fp	0
4-AGAAGAG	STREME-4	3.1e-002	548	6.26	fp	0
4-AGAAGAG	STREME-4	3.1e-002	569	6.26	fp	0
4-AGAAGAG	STREME-4	3.1e-002	184	6.26	fp	0
4-AGAAGAG	STREME-4	3.1e-002	938	6.26	fp	0
4-AGAAGAG	STREME-4	3.1e-002	373	6.26	fp	0
4-AGAAGAG	STREME-4	3.1e-002	131	6.26	fp	0
4-AGAAGAG	STREME-4	3.1e-002	669	6.26	fp	0
4-AGAAGAG	STREME-4	3.1e-002	883	6.26	fp	0
4-AGAAGAG	STREME-4	3.1e-002	683	6.26	fp	0
4-AGAAGAG	STREME-4	3.1e-002	666	6.26	fp	0
4-AGAAGAG	STREME-4	3.1e-002	197	6.26	tp	1
4-AGAAGAG	STREME-4	3.1e-002	213	6.26	tp	1
4-AGAAGAG	STREME-4	3.1e-002	471	6.26	tp	1
4-AGAAGAG	STREME-4	3.1e-002	775	6.26	tp	1
4-AGAAGAG	STREME-4	3.1e-002	634	6.26	tp	1
4-AGAAGAG	STREME-4	3.1e-002	837	6.26	fp	1
4-AGAAGAG	STREME-4	3.1e-002	439	6.26	fp	1
4-AGAAGAG	STREME-4	3.1e-002	395	6.26	fp	1
4-AGAAGAG	STREME-4	3.1e-002	437	6.26	fp	1
#
5-ATTATTCGT	STREME-5	5.0e-001	801	14.60	tp	0
5-ATTATTCGT	STREME-5	5.0e-001	684	14.60	tp	0
5-ATTATTCGT	STREME-5	5.0e-001	844	13.62	tp	0
5-ATTATTCGT	STREME-5	5.0e-001	461	13.62	tp	0
5-ATTATTCGT	STREME-5	5.0e-001	511	13.62	tp	0
5-ATTATTCGT	STREME-5	5.0e-001	152	13.62	tp	0
5-ATTATTCGT	STREME-5	5.0e-001	785	13.62	tp	0
5-ATTATTCGT	STREME-5	5.0e-001	473	13.62	tp	0
5-ATTATTCGT	STREME-5	5.0e-001	870	13.62	fp	0
5-ATTATTCGT	STREME-5	5.0e-001	429	13.31	tp	0
5-ATTATTCGT	STREME-5	5.0e-001	169	12.93	tp	0
5-ATTATTCGT	STREME-5	5.0e-001	740	12.93	tp	0
5-ATTATTCGT	STREME-5	5.0e-001	894	12.91	tp	0
5-ATTATTCGT	STREME-5	5.0e-001	581	12.57	tp	0
5-ATTATTCGT	STREME-5	5.0e-001	764	12.57	tp	0
5-ATTATTCGT	STREME-5	5.0e-001	602	12.57	tp	0
5-ATTATTCGT	STREME-5	5.0e-001	783	12.57	tp	0
5-ATTATTCGT	STREME-5	5.0e-001	875	12.57	tp	0
5-ATTATTCGT	STREME-5	5.0e-001	157	12.57	tp	0
5-ATTATTCGT	STREME-5	5.0e-001	355	12.35	tp	0
5-ATTATTCGT	STREME-5	5.0e-001	198	12.27	tp	1
5-ATTATTCGT	STREME-5	5.0e-001	202	11.95	tp	0
5-ATTATTCGT	STREME-5	5.0e-001	757	11.87	tp	0
5-ATTATTCGT	STREME-5	5.0e-001	697	11.87	tp	0
5-ATTATTCGT	STREME-5	5.0e-001	8	11.87	tp	0
5-ATTATTCGT	STREME-5	5.0e-001	744	11.87	tp	1
5-ATTATTCGT	STREME-5	5.0e-001	924	11.87	fp	1
5-ATTATTCGT	STREME-5	5.0e-001	447	11.64	tp	0
5-ATTATTCGT	STREME-5	5.0e-001	860	11.64	tp	0
5-ATTATTCGT	STREME-5	5.0e-001	861	11.64	fp	1
5-ATTATTCGT	STREME-5	5.0e-001	21	11.62	tp	0
5-ATTATTCGT	STREME-5	5.0e-001	811	11.59	tp	0
5-ATTATTCGT	STREME-5	5.0e-001	302	11.59	tp	0
5-ATTATTCGT	STREME-5	5.0e-001	579	11.59	tp	0
5-ATTATTCGT	STREME-5	5.0e-001	152	11.59	fp	0
5-ATTATTCGT	STREME-5	5.0e-001	924	11.59	tp	1
5-ATTATTCGT	STREME-5	5.0e-001	920	11.52	tp	0
5-ATTATTCGT	STREME-5	5.0e-001	637	11.52	fp	0
5-ATTATTCGT	STREME-5	5.0e-001	769	11.28	tp	0
5-ATTATTCGT	STREME-5	5.0e-001	354	11.28	tp	0
5-ATTATTCGT	STREME-5	5.0e-001	433	11.27	tp	0
5-ATTATTCGT	STREME-5	5.0e-001	538	11.24	tp	0
5-ATTATTCGT	STREME-5	5.0e-001	737	11.13	tp	0
5-ATTATTCGT	STREME-5	5.0e-001	87	11.13	fp	0
5-ATTATTCGT	STREME-5	5.0e-001	613	10.77	tp	0
5-ATTATTCGT	STREME-5	5.0e-001	38	10.77	tp	0
5-ATTATTCGT	STREME-5	5.0e-001	889	10.77	tp	0
5-ATTATTCGT	STREME-5	5.0e-001	16	10.77	tp	0
5-ATTATTCGT	STREME-5	5.0e-001	781	10.77	tp	0
5-ATTATTCGT	STREME-5	5.0e-001	905	10.68	tp	0
#
6-WHACATGTDW	STREME-6	6.9e-001	536	13.76	fp	0
6-WHACATGTDW	STREME-6	6.9e-001	119	13.76	fp	0
6-WHACATGTDW	STREME-6	6.9e-001	525	13.64	tp	0
6-WHACATGTDW	STREME-6	6.9e-001	319	13.58	tp	0
6-WHACATGTDW	STREME-6	6.9e-001	730	13.57	tp	0
6-WHACATGTDW	STREME-6	6.9e-001	686	13.46	tp	0
6-WHACATGTDW	STREME-6	6.9e-001	449	13.40	tp	0
6-WHACATGTDW	STREME-6	6.9e-001	456	13.40	tp	0
6-WHACATGTDW	STREME-6	6.9e-001	236	13.40	tp	0
6-WHACATGTDW	STREME-6	6.9e-001	426	13.16	tp	0
6-WHACATGTDW	STREME-6	6.9e-001	758	13.16	fp	0
6-WHACATGTDW	STREME-6	6.9e-001	724	13.13	tp	0
6-WHACATGTDW	STREME-6	6.9e-001	73	12.87	tp	0
6-WHACATGTDW	STREME-6	6.9e-001	73	12.87	fp	1
6-WHACATGTDW	STREME-6	6.9e-001	4	12.85	tp	0
6-WHACATGTDW	STREME-6	6.9e-001	361	12.59	tp	0
6-WHACATGTDW	STREME-6	6.9e-001	141	12.56	tp	0
6-WHACATGTDW	STREME-6	6.9e-001	759	12.48	tp	0
6-WHACATGTDW	STREME-6	6.9e-001	525	12.35	fp	1
6-WHACATGTDW	STREME-6	6.9e-001	109	12.24	tp	0
6-WHACATGTDW	STREME-6	6.9e-001	126	12.24	fp	0
6-WHACATGTDW	STREME-6	6.9e-001	750	12.21	tp	0
6-WHACATGTDW	STREME-6	6.9e-001	557	12.21	tp	0
6-WHACATGTDW	STREME-6	6.9e-001	162	12.10	fp	0
6-WHACATGTDW	STREME-6	6.9e-001	747	12.07	tp	0
6-WHACATGTDW	STREME-6	6.9e-001	627	12.05	tp	0
6-WHACATGTDW	STREME-6	6.9e-001	330	12.02	tp	0
6-WHACATGTDW	STREME-6	6.9e-001	732	12.01	tp	0
6-WHACATGTDW	STREME-6	6.9e-001	493	12.00	tp	0
6-WHACATGTDW	STREME-6	6.9e-001	114	12.00	tp	0
6-WHACATGTDW	STREME-6	6.9e-001	929	11.92	tp	0
6-WHACATGTDW	STREME-6	6.9e-001	472	11.91	fp	0
6-WHACATGTDW	STREME-6	6.9e-001	491	11.90	tp	0
6-WHACATGTDW	STREME-6	6.9e-001	779	11.90	fp	0
6-WHACATGTDW	STREME-6	6.9e-001	728	11.79	tp	0
6-WHACATGTDW	STREME-6	6.9e-001	301	11.78	tp	0
6-WHACATGTDW	STREME-6	6.9e-001	549	11.74	tp	0
6-WHACATGTDW	STREME-6	6.9e-001	593	11.70	fp	0
6-WHACATGTDW	STREME-6	6.9e-001	819	11.62	tp	0
6-WHACATGTDW	STREME-6	6.9e-001	931	11.62	tp	0
6-WHACATGTDW	STREME-6	6.9e-001	887	11.62	tp	0
6-WHACATGTDW	STREME-6	6.9e-001	867	11.54	tp	0
6-WHACATGTDW	STREME-6	6.9e-001	655	11.46	tp	0
6-WHACATGTDW	STREME-6	6.9e-001	196	11.40	tp	0
6-WHACATGTDW	STREME-6	6.9e-001	623	11.38	fp	0
6-WHACATGTDW	STREME-6	6.9e-001	774	11.38	tp	0
6-WHACATGTDW	STREME-6	6.9e-001	515	11.31	tp	0
6-WHACATGTDW	STREME-6	6.9e-001	792	11.29	tp	0
6-WHACATGTDW	STREME-6	6.9e-001	460	11.29	tp	0
6-WHACATGTDW	STREME-6	6.9e-001	486	11.25	tp	0
6-WHACATGTDW	STREME-6	6.9e-001	813	11.23	fp	0
6-WHACATGTDW	STREME-6	6.9e-001	898	11.22	tp	0
6-WHACATGTDW	STREME-6	6.9e-001	816	11.16	tp	0
6-WHACATGTDW	STREME-6	6.9e-001	593	11.16	tp	0
6-WHACATGTDW	STREME-6	6.9e-001	392	11.16	tp	0
6-WHACATGTDW	STREME-6	6.9e-001	286	11.11	tp	0
6-WHACATGTDW	STREME-6	6.9e-001	690	11.07	tp	0
6-WHACATGTDW	STREME-6	6.9e-001	266	11.01	tp	0
6-WHACATGTDW	STREME-6	6.9e-001	358	11.01	tp	0
6-WHACATGTDW	STREME-6	6.9e-001	697	11.01	tp	0
6-WHACATGTDW	STREME-6	6.9e-001	775	10.87	tp	1
6-WHACATGTDW	STREME-6	6.9e-001	696	10.83	tp	0
6-WHACATGTDW	STREME-6	6.9e-001	330	10.82	fp	0
6-WHACATGTDW	STREME-6	6.9e-001	635	10.73	tp	0
6-WHACATGTDW	STREME-6	6.9e-001	300	10.73	fp	0
6-WHACATGTDW	STREME-6	6.9e-001	922	10.73	fp	0
6-WHACATGTDW	STREME-6	6.9e-001	490	10.65	tp	0
6-WHACATGTDW	STREME-6	6.9e-001	880	10.62	tp	0
6-WHACATGTDW	STREME-6	6.9e-001	121	10.62	fp	0
6-WHACATGTDW	STREME-6	6.9e-001	758	10.49	tp	0
6-WHACATGTDW	STREME-6	6.9e-001	473	10.33	tp	0
6-WHACATGTDW	STREME-6	6.9e-001	862	10.15	tp	0
6-WHACATGTDW	STREME-6	6.9e-001	741	10.09	tp	0
6-WHACATGTDW	STREME-6	6.9e-001	126	10.04	tp	1
6-WHACATGTDW	STREME-6	6.9e-001	287	9.95	tp	0
6-WHACATGTDW	STREME-6	6.9e-001	558	9.82	tp	0
6-WHACATGTDW	STREME-6	6.9e-001	288	9.71	tp	0
6-WHACATGTDW	STREME-6	6.9e-001	928	9.70	fp	0
6-WHACATGTDW	STREME-6	6.9e-001	861	9.65	tp	0
6-WHACATGTDW	STREME-6	6.9e-001	581	9.44	tp	0
#
7-GAAAAATTCAA	STREME-7	7.5e-001	811	16.13	tp	0
7-GAAAAATTCAA	STREME-7	7.5e-001	830	16.13	tp	0
7-GAAAAATTCAA	STREME-7	7.5e-001	776	16.13	tp	0
7-GAAAAATTCAA	STREME-7	7.5e-001	231	16.13	tp	0
7-GAAAAATTCAA	STREME-7	7.5e-001	539	16.13	tp	0
7-GAAAAATTCAA	STREME-7	7.5e-001	245	16.13	tp	0
7-GAAAAATTCAA	STREME-7	7.5e-001	890	14.98	tp	0
7-GAAAAATTCAA	STREME-7	7.5e-001	361	14.98	tp	0
7-GAAAAATTCAA	STREME-7	7.5e-001	263	14.98	tp	0
7-GAAAAATTCAA	STREME-7	7.5e-001	340	14.98	tp	0
7-GAAAAATTCAA	STREME-7	7.5e-001	57	14.65	tp	0
7-GAAAAATTCAA	STREME-7	7.5e-001	495	14.65	tp	0
7-GAAAAATTCAA	STREME-7	7.5e-001	196	14.65	tp	0
7-GAAAAATTCAA	STREME-7	7.5e-001	336	14.43	tp	0
7-GAAAAATTCAA	STREME-7	7.5e-001	819	14.43	tp	0
7-GAAAAATTCAA	STREME-7	7.5e-001	223	14.43	tp	1
7-GAAAAATTCAA	STREME-7	7.5e-001	818	14.42	tp	0
7-GAAAAATTCAA	STREME-7	7.5e-001	5	13.78	tp	0
7-GAAAAATTCAA	STREME-7	7.5e-001	84	13.53	tp	0
7-GAAAAATTCAA	STREME-7	7.5e-001	544	13.53	tp	0
7-GAAAAATTCAA	STREME-7	7.5e-001	241	13.51	fp	1
7-GAAAAATTCAA	STREME-7	7.5e-001	606	13.45	tp	0
