<STREME version="5.5.7" release="Wed Jun 19 13:59:04 2024 -0700">
  <model>
    <command_line>streme --verbosity 1 --oc WRKY33/streme_out -dna --seed 0 --p WRKY33/seqs-centered --minw 6 --maxw 15 --order 2</command_line>
    <train_positives count="839" positions="83900" maxlen="100" file="WRKY33/seqs-centered"/>
    <train_negatives count="839" positions="83900" from="shuffled"/>
    <test_positives count="93" positions="9300"/>
    <test_negatives count="93" positions="9300"/>
    <alphabet name="DNA" like="dna">
      <letter id="A" symbol="A" complement="T" name="Adenine" colour="CC0000"/>
      <letter id="C" symbol="C" complement="G" name="Cytosine" colour="0000CC"/>
      <letter id="G" symbol="G" complement="C" name="Guanine" colour="FFB300"/>
      <letter id="T" symbol="T" aliases="U" complement="A" name="Thymine" colour="008000"/>
      <letter id="N" symbol="N" aliases="X." equals="ACGT" name="Any base"/>
      <letter id="V" symbol="V" equals="ACG" name="Not T"/>
      <letter id="H" symbol="H" equals="ACT" name="Not G"/>
      <letter id="D" symbol="D" equals="AGT" name="Not C"/>
      <letter id="B" symbol="B" equals="CGT" name="Not A"/>
      <letter id="M" symbol="M" equals="AC" name="Amino"/>
      <letter id="R" symbol="R" equals="AG" name="Purine"/>
      <letter id="W" symbol="W" equals="AT" name="Weak"/>
      <letter id="S" symbol="S" equals="CG" name="Strong"/>
      <letter id="Y" symbol="Y" equals="CT" name="Pyrimidine"/>
      <letter id="K" symbol="K" equals="GT" name="Keto"/>
    </alphabet>
    <strands>both</strands>
    <sequence_db A="0.345" C="0.155" G="0.155" T="0.345"/>
    <background_frequencies source="--negatives--" order="2">
      <alphabet_array>
        <value letter_id="A">0.345</value>
        <value letter_id="C">0.155</value>
        <value letter_id="G">0.155</value>
        <value letter_id="T">0.345</value>
      </alphabet_array>
    </background_frequencies>
    <stop thresh_type="pvalue" thresh="0.05"/>
    <objfun>Differential Enrichment</objfun>
    <test>Fisher Exact Test</test>
    <minw>6</minw>
    <maxw>15</maxw>
    <kmer>3</kmer>
    <hofract>0.1</hofract>
    <neval>25</neval>
    <nref>4</nref>
    <niter>20</niter>
    <patience>3</patience>
    <seed>0</seed>
    <notrim>no</notrim>
    <useer>no</useer>
    <minscore>0</minscore>
    <ignore_depth>5</ignore_depth>
    <nsubsets>1</nsubsets>
    <min_pal_ratio>0.85</min_pal_ratio>
    <max_pal_ed>5</max_pal_ed>
    <cand>no</cand>
    <experimental>no</experimental>
    <totallength>0</totallength>
    <align>center</align>
    <host>fv-az1542-478</host>
  </model>
  <motifs>
    <motif id="1-AKTCAAMGN" alt="STREME-1" width="9" initial_width="8" seed="AGTCAACGT" score_threshold="7.4331" npassing="571" train_pos_count="513" train_neg_count="185" train_log_pvalue="-60.3675" train_pvalue="4.3e-061" train_dtc="-1.0" train_bernoulli="-1" test_pos_count="58" test_neg_count="21" test_log_pvalue="-7.51912" test_pvalue="3.0e-008" test_log_evalue="-6.67402" test_evalue="2.1e-007" test_dtc="-1.0" test_bernoulli="-1" is_palindromic="no" elapsed_time="2.7" total_sites="513" site_distr=" 9 7 7 7 5 6 5 4 4 5 8 4 2 3 5 5 6 5 8 6 7 4 6 1 7 9 2 8 5 3 6 3 7 5 7 7 8 5 5 4 7 8 4 3 5 4 5 5 5 12 2 5 5 7 7 2 1 4 5 8 5 7 5 4 5 6 5 9 9 5 7 5 6 1 3 11 3 5 13 7 4 6 6 3 6 5 5 5 6 8 5 5" max_sites="5" site_hist=" 0 351 137 21 3 1">
      <pos A="0.710977" C="0.0176675" G="0.271196" T="0.0001592"/>
      <pos A="0.0001592" C="7.15247e-05" G="0.613165" T="0.386605"/>
      <pos A="0.0001592" C="7.15247e-05" G="7.15247e-05" T="0.999698"/>
      <pos A="0.0110841" C="0.988685" G="7.15247e-05" T="0.0001592"/>
      <pos A="0.976523" C="0.0173949" G="0.00592323" T="0.0001592"/>
      <pos A="0.912692" C="7.15247e-05" G="0.0784896" T="0.0087466"/>
      <pos A="0.442834" C="0.547935" G="0.00907174" T="0.0001592"/>
      <pos A="0.189602" C="0.10935" G="0.546367" T="0.15468"/>
      <pos A="0.321508" C="0.190608" G="0.192039" T="0.295844"/>
    </motif>
    <motif id="2-ATTCAAACWTT" alt="STREME-2" width="11" initial_width="8" seed="ATTCAAACATT" score_threshold="10.339" npassing="56" train_pos_count="50" train_neg_count="8" train_log_pvalue="-8.3377" train_pvalue="4.6e-009" train_dtc="-1.0" train_bernoulli="-1" test_pos_count="6" test_neg_count="0" test_log_pvalue="-1.84228" test_pvalue="1.4e-002" test_log_evalue="-0.997178" test_evalue="1.0e-001" test_dtc="-1.0" test_bernoulli="-1" is_palindromic="no" elapsed_time="4.5" total_sites="50" site_distr=" 1 0 0 0 0 0 0 2 0 0 0 0 1 0 1 0 1 1 0 0 0 3 1 1 1 0 0 0 0 0 0 3 0 1 0 1 0 1 0 0 2 1 1 0 1 0 0 1 0 0 1 0 1 1 1 0 0 1 1 3 1 0 0 0 1 0 0 0 0 1 0 0 0 0 0 1 0 2 3 2 0 0 1 0 1 0 0 2 1 0" max_sites="1" site_hist=" 0 50">
      <pos A="0.719892" C="0.0699927" G="0.116316" T="0.0937989"/>
      <pos A="0.00115233" C="0.000517713" G="0.000517713" T="0.997812"/>
      <pos A="0.0570579" C="0.0236694" G="0.0236694" T="0.895603"/>
      <pos A="0.00115233" C="0.964424" G="0.0101199" T="0.024304"/>
      <pos A="0.951509" C="0.0236694" G="0.000517713" T="0.024304"/>
      <pos A="0.935786" C="0.000517713" G="0.000517713" T="0.0631781"/>
      <pos A="0.905206" C="0.000517713" G="0.0236694" T="0.0706074"/>
      <pos A="0.00115233" C="0.997178" G="0.000517713" T="0.00115233"/>
      <pos A="0.460298" C="0.046841" G="0.000517713" T="0.492343"/>
      <pos A="0.0938188" C="0.0468211" G="0.000517713" T="0.858842"/>
      <pos A="0.00115233" C="0.0856952" G="0.0564232" T="0.856729"/>
    </motif>
    <motif id="3-ATTATCCTCA" alt="STREME-3" width="10" initial_width="6" seed="ATTATCCTCA" score_threshold="9.41849" npassing="47" train_pos_count="42" train_neg_count="11" train_log_pvalue="-5.07602" train_pvalue="8.4e-006" train_dtc="-1.0" train_bernoulli="-1" test_pos_count="5" test_neg_count="0" test_log_pvalue="-1.52908" test_pvalue="3.0e-002" test_log_evalue="-0.683982" test_evalue="2.1e-001" test_dtc="-1.0" test_bernoulli="-1" is_palindromic="no" elapsed_time="11.0" total_sites="42" site_distr=" 0 3 0 0 0 1 1 0 2 2 0 2 2 1 0 0 1 1 0 0 0 1 1 0 0 0 1 0 0 0 2 0 1 1 0 0 0 0 0 0 0 1 0 1 0 0 1 0 0 1 0 2 0 0 0 1 1 0 0 0 0 0 0 0 1 1 0 0 0 0 0 0 0 1 0 0 0 0 0 2 1 3 0 0 0 0 1 1 0 0 0" max_sites="1" site_hist=" 0 42">
      <pos A="0.937136" C="0.0207692" G="0.000454278" T="0.041641"/>
      <pos A="0.0619559" C="0.00887991" G="0.0410841" T="0.88808"/>
      <pos A="0.0619559" C="0.0173055" G="0.0207692" T="0.899969"/>
      <pos A="0.806785" C="0.00887991" G="0.0207692" T="0.163565"/>
      <pos A="0.0500666" C="0.0411016" G="0.061399" T="0.847433"/>
      <pos A="0.111029" C="0.806246" G="0.0410841" T="0.041641"/>
      <pos A="0.172026" C="0.745249" G="0.0207692" T="0.0619559"/>
      <pos A="0.171991" C="0.0207692" G="0.0207692" T="0.786471"/>
      <pos A="0.122918" C="0.692765" G="0.0410841" T="0.143233"/>
      <pos A="0.693287" C="0.061399" G="0.061399" T="0.183915"/>
    </motif>
    <motif id="4-AGAAGAG" alt="STREME-4" width="7" initial_width="7" seed="AGAAGAG" score_threshold="6.25615" npassing="328" train_pos_count="290" train_neg_count="190" train_log_pvalue="-7.3856" train_pvalue="4.1e-008" train_dtc="-1.0" train_bernoulli="-1" test_pos_count="38" test_neg_count="25" test_log_pvalue="-1.50457" test_pvalue="3.1e-002" test_log_evalue="-0.659471" test_evalue="2.2e-001" test_dtc="-1.0" test_bernoulli="-1" is_palindromic="no" elapsed_time="6.1" total_sites="290" site_distr=" 0 3 5 1 3 3 7 1 0 2 4 3 2 5 5 4 4 5 2 2 5 0 3 5 4 2 1 2 3 1 4 0 4 6 5 4 5 3 0 3 3 5 3 1 2 7 4 4 2 2 2 2 3 2 4 3 4 3 2 3 2 4 4 3 2 3 0 3 1 2 3 2 4 2 3 4 2 5 3 3 2 3 3 5 4 2 1 4 1 4 1 4 2 3" max_sites="7" site_hist=" 0 226 40 19 2 2 0 1">
      <pos A="0.923266" C="0.024009" G="0.0511375" T="0.00158736"/>
      <pos A="0.0677197" C="0.0197111" G="0.879795" T="0.032774"/>
      <pos A="0.827334" C="0.0736657" G="0.0785313" T="0.0204691"/>
      <pos A="0.923437" C="0.0199346" G="0.0233299" T="0.0332988"/>
      <pos A="0.0385103" C="0.0917129" G="0.86842" T="0.0013572"/>
      <pos A="0.93889" C="0.0304979" G="0.0190543" T="0.0115575"/>
      <pos A="0.164095" C="0.0232538" G="0.794792" T="0.0178586"/>
    </motif>
    <motif id="5-ATTATTCGT" alt="STREME-5" width="9" initial_width="7" seed="ATTATTCGT" score_threshold="10.6764" npassing="44" train_pos_count="41" train_neg_count="4" train_log_pvalue="-8.50893" train_pvalue="3.1e-009" train_dtc="-1.0" train_bernoulli="-1" test_pos_count="3" test_neg_count="2" test_log_pvalue="-0.30103" test_pvalue="5.0e-001" test_log_evalue="0.544068" test_evalue="3.5e+000" test_dtc="-1.0" test_bernoulli="-1" is_palindromic="no" elapsed_time="9.4" total_sites="41" site_distr=" 1 2 0 1 0 0 0 1 2 1 0 0 0 0 0 2 0 1 0 0 1 0 0 0 1 0 0 2 0 0 0 0 0 0 1 1 1 0 0 0 0 0 0 0 1 1 2 1 1 0 0 0 0 2 0 0 0 0 1 0 0 0 0 0 2 1 0 1 0 0 0 1 0 1 1 0 0 1 0 1 0 0 0 1 0 2 0 0 2 0 0 0" max_sites="2" site_hist=" 0 40 1">
      <pos A="0.652231" C="0.000497128" G="0.111672" T="0.235599"/>
      <pos A="0.0233376" C="0.0676938" G="0.00971751" T="0.899251"/>
      <pos A="0.00110651" C="0.0227283" G="0.000497128" T="0.975668"/>
      <pos A="0.975668" C="0.000497128" G="0.0227283" T="0.00110651"/>
      <pos A="0.0233376" C="0.00971751" G="0.0227283" T="0.944217"/>
      <pos A="0.00110651" C="0.0541798" G="0.0986612" T="0.846053"/>
      <pos A="0.179205" C="0.819192" G="0.000497128" T="0.00110651"/>
      <pos A="0.00110651" C="0.270802" G="0.726985" T="0.00110651"/>
      <pos A="0.067819" C="0.0764109" G="0.000497128" T="0.855273"/>
    </motif>
    <motif id="6-WHACATGTDW" alt="STREME-6" width="10" initial_width="8" seed="AAACATGTGA" score_threshold="9.43621" npassing="63" train_pos_count="61" train_neg_count="15" train_log_pvalue="-7.59197" train_pvalue="2.6e-008" train_dtc="-1.0" train_bernoulli="-1" test_pos_count="2" test_neg_count="2" test_log_pvalue="-0.161438" test_pvalue="6.9e-001" test_log_evalue="0.68366" test_evalue="4.8e+000" test_dtc="-1.0" test_bernoulli="-1" is_palindromic="yes" elapsed_time="7.8" total_sites="61" site_distr=" 1 1 0 1 0 2 1 0 0 0 1 0 0 1 1 0 0 2 0 1 0 1 1 1 0 0 2 1 1 0 0 2 4 2 0 1 0 0 0 0 0 1 0 0 0 0 0 1 0 1 0 0 0 1 0 0 0 0 0 1 1 2 1 1 2 1 1 0 0 0 2 1 0 1 0 1 0 2 2 2 2 0 1 0 1 0 2 1 0 0 1" max_sites="2" site_hist=" 0 60 1">
      <pos A="0.472345" C="0.14649" G="0.0930489" T="0.288116"/>
      <pos A="0.341986" C="0.296027" G="0.000363066" T="0.361624"/>
      <pos A="0.733759" C="0.000363066" G="0.26507" T="0.000808114"/>
      <pos A="0.000808114" C="0.998021" G="0.000363066" T="0.000808114"/>
      <pos A="0.949758" C="0.040953" G="0.00848106" T="0.000808114"/>
      <pos A="0.000808114" C="0.00848106" G="0.040953" T="0.949758"/>
      <pos A="0.000808114" C="0.000363066" G="0.998021" T="0.000808114"/>
      <pos A="0.000808114" C="0.26507" G="0.000363066" T="0.733759"/>
      <pos A="0.361624" C="0.000363066" G="0.296027" T="0.341986"/>
      <pos A="0.288116" C="0.0930489" G="0.14649" T="0.472345"/>
    </motif>
    <motif id="7-GAAAAATTCAA" alt="STREME-7" width="11" initial_width="11" seed="GAAAAATTCAA" score_threshold="13.4526" npassing="21" train_pos_count="20" train_neg_count="0" train_log_pvalue="-6.07035" train_pvalue="8.5e-007" train_dtc="-1.0" train_bernoulli="-1" test_pos_count="1" test_neg_count="1" test_log_pvalue="-0.124157" test_pvalue="7.5e-001" test_log_evalue="0.720941" test_evalue="5.3e+000" test_dtc="-1.0" test_bernoulli="-1" is_palindromic="no" elapsed_time="15.5" total_sites="20" site_distr=" 0 0 0 0 0 0 0 2 0 1 0 0 1 0 0 0 0 0 2 0 0 0 1 0 0 0 0 0 0 0 0 0 0 0 1 1 0 2 1 0 0 0 0 0 0 1 0 0 0 0 0 1 0 0 0 0 0 0 1 0 0 0 0 0 0 0 0 0 0 1 0 1 0 0 0 1 0 0 0 0 0 0 0 0 0 0 1 0 0 1" max_sites="1" site_hist=" 0 20">
      <pos A="0.00259685" C="0.0011667" G="0.99364" T="0.00259685"/>
      <pos A="0.99507" C="0.0011667" G="0.0011667" T="0.00259685"/>
      <pos A="0.786105" C="0.210132" G="0.0011667" T="0.00259685"/>
      <pos A="0.99507" C="0.0011667" G="0.0011667" T="0.00259685"/>
      <pos A="0.99507" C="0.0011667" G="0.0011667" T="0.00259685"/>
      <pos A="0.838413" C="0.0011667" G="0.157823" T="0.00259685"/>
      <pos A="0.106989" C="0.105559" G="0.0011667" T="0.786284"/>
      <pos A="0.00259685" C="0.0533406" G="0.0011667" T="0.942896"/>
      <pos A="0.00259685" C="0.99364" G="0.0011667" T="0.00259685"/>
      <pos A="0.942896" C="0.0011667" G="0.0533406" T="0.00259685"/>
      <pos A="0.99507" C="0.0011667" G="0.0011667" T="0.00259685"/>
    </motif>
  </motifs>
  <reason_for_stopping>Stopped because 3 consecutive motifs exceeded the p-value threshold (0.05).</reason_for_stopping>
  <run_time cpu="15.61"/>
</STREME>
