<?xml version="1.0" encoding="UTF-8" standalone="no"?>
<!-- Begin document body -->
<fimo version="5.5.7" release="Wed Jun 19 13:59:04 2024 -0700">
  xmlns:xsi="http://www.w3.org/2001/XMLSchema-instance"
  xsi:schemaLocation=  xmlns:fimo="http://noble.gs.washington.edu/schema/fimo"
>
<command-line>fimo --verbosity 1 --oc WRKY40/fimo_out_1 --bgfile WRKY40/background --motif 1-RGTCAACD WRKY40/streme_out/streme.xml WRKY40/WRKY40_differential_binding_sites.fa</command-line>
<settings>
<setting name="output directory">WRKY40/fimo_out_1</setting>
<setting name="MEME file name">WRKY40/streme_out/streme.xml</setting>
<setting name="sequence file name">WRKY40/WRKY40_differential_binding_sites.fa</setting>
<setting name="background file name">WRKY40/background</setting>
<setting name="allow clobber">true</setting>
<setting name="compute q-values">true</setting>
<setting name="parse genomic coord.">true</setting>
<setting name="text only">false</setting>
<setting name="scan both strands">true</setting>
<setting name="output threshold">0.0001</setting>
<setting name="threshold type">p-value</setting>
<setting name="max stored scores">100000</setting>
<setting name="pseudocount">0.1</setting>
<setting name="verbosity">1</setting>
<setting name="selected motif">1-RGTCAACD</setting>
</settings>
<sequence-data num-sequences="1485" num-residues="149985" />
<alphabet name="DNA" like="dna">
<letter id="A" symbol="A" complement="T" name="Adenine" colour="CC0000"/>
<letter id="C" symbol="C" complement="G" name="Cytosine" colour="0000CC"/>
<letter id="G" symbol="G" complement="C" name="Guanine" colour="FFB300"/>
<letter id="T" symbol="T" aliases="U" complement="A" name="Thymine" colour="008000"/>
<letter id="N" symbol="N" aliases="X." equals="ACGT" name="Any base"/>
<letter id="V" symbol="V" equals="ACG" name="Not T"/>
<letter id="H" symbol="H" equals="ACT" name="Not G"/>
<letter id="D" symbol="D" equals="AGT" name="Not C"/>
<letter id="B" symbol="B" equals="CGT" name="Not A"/>
<letter id="M" symbol="M" equals="AC" name="Amino"/>
<letter id="R" symbol="R" equals="AG" name="Purine"/>
<letter id="W" symbol="W" equals="AT" name="Weak"/>
<letter id="S" symbol="S" equals="CG" name="Strong"/>
<letter id="Y" symbol="Y" equals="CT" name="Pyrimidine"/>
<letter id="K" symbol="K" equals="GT" name="Keto"/>
</alphabet>
<motif name="1-RGTCAACD" alt="STREME-1" width="8" best-possible-match="AGTCAACA"/>
<motif name="2-YACACRT" alt="STREME-2" width="7" best-possible-match="CACACGT"/>
<motif name="3-ATTATTATTA" alt="STREME-3" width="10" best-possible-match="ATTATTATTA"/>
<motif name="4-AGAAAAGTCT" alt="STREME-4" width="10" best-possible-match="AGAAAAGTCT"/>
<motif name="5-AAAGAAAARAAAAAW" alt="STREME-5" width="15" best-possible-match="AAAGAAAAGAAAAAA"/>
<motif name="6-ATATGTAMG" alt="STREME-6" width="9" best-possible-match="ATATGTAAG"/>
<motif name="7-CACGTGAT" alt="STREME-7" width="8" best-possible-match="CACGTGAT"/>
<motif name="8-AAATCAAATAA" alt="STREME-8" width="11" best-possible-match="AAATCAAATAA"/>
<background source="WRKY40/background">
<value letter="A">0.340</value>
<value letter="C">0.160</value>
<value letter="G">0.160</value>
<value letter="T">0.340</value>
</background>
<cisml-file>cisml.xml</cisml-file>
</fimo>
